patch_id,label,loss_percentage,tree_cover_percentage,loss_year,gain_percentage
patch_000000,1,0.6437,93.49,2024,0.0
patch_000007,0,0.0,65.84,0,0.0
patch_000008,0,0.0,84.71,0,0.0
patch_000009,0,0.0,86.23,0,0.0
patch_000010,1,0.1252,57.49,2010,0.0
patch_000014,1,0.143,75.73,2013,0.0
patch_000020,1,32.6296,97.79,2020,0.0
patch_000021,1,2.7782,96.61,2021,0.0
patch_000022,1,0.567,97.07,2021,0.0
patch_000023,1,0.2533,80.63,2004,0.0
patch_000028,1,43.825,96.14,2023,0.0
patch_000029,1,3.8849,99.89,2025,0.0
patch_000030,0,0.0,99.87,0,0.0
patch_000031,0,0.0,99.92,0,0.0
patch_000032,0,0.0,99.33,0,0.0
patch_000033,0,0.0,99.78,0,0.0
patch_000034,0,0.0,99.89,0,0.0
patch_000035,0,0.0,99.75,0,0.0
patch_000036,0,0.0,98.92,0,0.0
patch_000037,0,0.0,99.96,0,0.0
patch_000038,0,0.0,99.95,0,0.0
patch_000039,1,0.4052,77.07,2025,0.0
patch_000040,1,0.1609,60.17,2007,0.0
patch_000041,1,0.1923,72.37,2001,0.0
patch_000042,1,8.025,84.58,2025,0.0
patch_000043,1,4.2346,76.46,2025,0.0
patch_000044,1,3.3471,88.18,2003,0.0
patch_000046,1,13.2081,53.24,2004,0.0
patch_000047,1,21.8762,68.75,2023,0.0
patch_000048,1,8.992,99.66,2025,0.0
patch_000049,1,6.763,90.73,2024,0.0
patch_000051,1,8.0453,73.78,2024,0.0
patch_000052,1,9.533,89.76,2024,0.0
patch_000053,1,7.1896,88.93,2024,0.0
patch_000054,1,6.8369,74.92,2024,0.0
patch_000055,1,4.6906,49.6,2024,0.0
patch_000057,1,11.096,67.22,2023,0.0
patch_000058,1,2.7445,61.03,2024,0.0
patch_000059,1,0.2622,59.31,2010,0.0
patch_000060,1,0.0477,63.87,2002,0.0
patch_000061,1,0.3337,58.64,2012,0.0
patch_000062,1,0.2384,81.54,2012,0.0
patch_000063,1,0.0477,97.91,2006,0.0
patch_000064,1,0.0238,94.58,2010,0.0
patch_000065,1,0.0238,91.95,2001,0.0
patch_000066,1,0.4052,95.39,2010,0.0
patch_000067,1,0.1669,96.72,2004,0.0
patch_000068,1,0.5244,97.83,2004,0.0
patch_000069,1,0.7528,98.96,2004,0.0
patch_000070,1,0.0646,99.71,2001,0.0
patch_000071,0,0.0,99.85,0,0.0
patch_000072,0,0.0,99.82,0,0.0
patch_000073,0,0.0,99.73,0,0.0
patch_000074,0,0.0,98.93,0,0.0
patch_000075,1,35.3022,98.31,2002,2.4311
patch_000078,1,49.4141,83.44,2005,0.143
patch_000079,1,41.2124,85.51,2004,0.286
patch_000080,1,30.1757,90.62,2004,0.1907
patch_000081,1,2.9206,83.95,2005,0.0
patch_000084,1,55.6974,56.51,2006,3.0704
patch_000086,1,33.7648,66.7,2007,0.0
patch_000087,1,30.388,68.12,2018,0.2622
patch_000088,1,17.1088,76.79,2001,0.0715
patch_000090,1,46.4081,82.34,2001,0.7866
patch_000092,1,7.8183,84.5,2006,0.1701
patch_000093,1,4.7644,99.39,2025,0.0
patch_000094,1,1.8086,99.06,2025,0.0
patch_000095,1,0.2145,98.72,2021,0.0
patch_000096,1,6.3679,98.26,2008,0.0
patch_000097,1,19.8183,96.23,2002,0.0208
patch_000098,1,4.0602,97.45,2006,0.0
patch_000099,1,0.1192,98.19,2022,0.0
patch_000100,1,0.0477,99.01,2012,0.0
patch_000101,1,0.1358,99.1,2014,0.0
patch_000102,1,24.377,94.47,2003,0.0953
patch_000103,1,41.6354,96.4,2003,0.0477
patch_000104,1,55.4676,79.54,2005,0.0
patch_000105,1,76.9756,85.92,2011,0.0
patch_000106,1,66.7579,82.31,2004,0.0
patch_000108,1,48.6091,82.96,2004,0.0
patch_000109,1,52.2923,97.34,2006,0.0
patch_000110,1,32.4212,98.04,2018,0.1192
patch_000111,1,9.8158,98.51,2007,0.0238
patch_000112,1,38.9491,98.27,2006,2.2986
patch_000113,1,22.1032,76.62,2014,1.9084
patch_000114,1,6.1956,60.01,2015,0.4052
patch_000115,1,8.0286,80.42,2005,1.025
patch_000116,1,3.2498,97.36,2006,0.0
patch_000117,1,1.8317,96.45,2006,0.0507
patch_000118,1,0.0238,97.65,2012,0.0
patch_000119,0,0.0,94.55,0,0.0
patch_000121,1,0.4141,88.27,2005,0.0238
patch_000122,1,1.5976,84.21,2011,0.9296
patch_000123,1,16.4146,57.18,2011,0.4768
patch_000126,1,0.2144,99.15,2019,0.0
patch_000127,1,21.4296,95.34,2005,0.0
patch_000128,1,91.3188,94.12,2005,0.0
patch_000129,1,88.0991,91.33,2004,0.0
patch_000130,1,86.4716,92.74,2002,0.0
patch_000132,1,75.9209,84.9,2002,0.2516
patch_000133,1,68.375,91.36,2006,0.0652
patch_000134,1,45.1386,89.95,2004,0.1192
patch_000135,1,45.657,91.87,2002,0.0953
patch_000136,1,38.8314,78.83,2002,0.0983
patch_000137,1,45.4945,90.8,2010,0.0715
patch_000138,1,49.9671,84.6,2009,0.0715
patch_000140,1,8.1219,74.46,2011,0.0238
patch_000143,1,2.9051,56.65,2002,0.0
patch_000145,1,1.3483,67.36,2022,0.0208
patch_000146,1,0.7627,68.03,2017,0.0
patch_000150,1,40.5807,86.65,2008,0.2052
patch_000151,1,27.7973,91.65,2018,1.0068
patch_000152,1,18.6184,83.67,2019,2.8039
patch_000153,1,31.2417,97.73,2024,0.0
patch_000154,1,20.4081,93.69,2019,0.1192
patch_000155,1,3.0499,98.38,2021,0.0
patch_000156,1,1.2538,98.65,2024,0.0
patch_000157,1,1.7627,97.98,2024,0.0
patch_000158,1,0.1192,97.52,2014,0.0
patch_000159,1,0.1907,96.01,2024,0.0
patch_000160,1,0.0477,95.61,2012,0.0
patch_000161,0,0.0,95.35,0,0.0
patch_000162,1,3.2219,97.78,2025,0.0
patch_000163,1,3.467,95.26,2011,0.739
patch_000164,1,21.1319,95.01,2016,0.0
patch_000165,1,12.2001,89.62,2004,0.3456
patch_000166,1,52.6083,78.87,2007,0.0715
patch_000168,1,45.2583,64.95,2002,0.0477
patch_000169,1,68.9862,88.23,2002,0.3784
patch_000172,1,4.2292,87.64,2020,1.0686
patch_000173,1,11.0968,61.72,2024,0.1669
patch_000178,1,2.0817,71.06,2021,0.0
patch_000179,1,7.4779,91.62,2008,0.286
patch_000180,1,40.7307,94.71,2008,0.9982
patch_000181,1,31.3298,70.61,2009,0.1669
patch_000182,1,8.873,58.54,2010,0.0
patch_000184,1,2.9837,47.82,2015,0.0
patch_000185,1,41.6084,79.59,2024,0.0
patch_000186,1,48.0142,74.35,2016,0.7628
patch_000187,1,53.754,70.24,2015,0.0477
patch_000188,1,26.1477,89.16,2004,0.0238
patch_000189,1,41.8455,65.96,2012,0.2384
patch_000190,1,42.5054,68.62,2024,0.2801
patch_000191,1,62.35,77.92,2024,0.0
patch_000192,1,79.5403,97.37,2020,0.0
patch_000194,1,19.5317,96.96,2025,0.4249
patch_000195,1,24.0048,94.17,2018,3.5531
patch_000196,1,29.1192,72.76,2013,6.7786
patch_000197,1,35.6584,61.15,2015,23.9764
patch_000200,1,25.8554,82.77,2019,0.0
patch_000201,1,4.2653,92.35,2019,0.0477
patch_000202,1,26.167,85.62,2022,0.0715
patch_000203,1,49.8097,95.48,2004,1.1125
patch_000204,1,58.3506,87.34,2004,5.1327
patch_000205,1,28.3242,94.94,2011,0.0
patch_000206,1,5.8159,85.86,2012,0.0685
patch_000207,1,6.57,81.05,2002,0.358
patch_000208,1,7.9172,73.52,2024,1.0954
patch_000209,1,5.7236,84.44,2025,0.3904
patch_000211,0,0.0,90.06,0,0.0
patch_000212,0,0.0,90.35,0,0.0
patch_000213,0,0.0,84.7,0,0.0
patch_000214,0,0.0,79.42,0,0.0
patch_000215,0,0.0,75.19,0,0.0
patch_000216,0,0.0,97.56,0,0.0
patch_000217,1,0.0477,98.98,2022,0.0
patch_000218,0,0.0,95.64,0,0.0
patch_000219,0,0.0,86.18,0,0.0
patch_000220,0,0.0,88.79,0,0.0
patch_000221,0,0.0,94.03,0,0.0
patch_000222,1,0.0477,77.42,2015,0.0
patch_000223,0,0.0,70.46,0,0.0
patch_000224,0,0.0,88.19,0,0.0
patch_000225,0,0.0,96.17,0,0.0
patch_000226,0,0.0,97.41,0,0.0
patch_000227,0,0.0,93.07,0,0.0
patch_000228,1,2.5984,85.71,2007,0.0
patch_000233,0,0.0,81.99,0,0.0
patch_000234,0,0.0,94.66,0,0.0
patch_000235,0,0.0,95.4,0,0.0
patch_000236,0,0.0,87.52,0,0.0
patch_000237,1,0.143,82.19,2017,0.0
patch_000238,1,0.0238,82.4,2002,0.0
patch_000239,1,0.0418,59.81,2005,0.0
patch_000245,1,1.6265,38.9,2025,0.0
patch_000250,1,7.9923,85.13,2021,0.0
patch_000251,1,0.9982,98.22,2021,0.0
patch_000252,1,0.2486,99.16,2010,0.0
patch_000253,1,3.7872,66.71,2024,0.0
patch_000256,1,74.8013,98.01,2025,0.0
patch_000257,1,24.0546,99.76,2025,0.0
patch_000258,0,0.0,99.92,0,0.0
patch_000259,1,0.0954,99.74,2017,0.0
patch_000260,0,0.0,99.42,0,0.0
patch_000261,1,0.0208,98.87,2013,0.0
patch_000262,0,0.0,98.11,0,0.0
patch_000264,0,0.0,99.95,0,0.0
patch_000265,0,0.0,99.95,0,0.0
patch_000267,1,0.1907,96.14,2025,0.0
patch_000268,1,0.1967,98.74,2012,0.0
patch_000270,1,0.8117,98.33,2025,0.0
patch_000271,1,7.9313,98.81,2025,0.0
patch_000272,1,14.9006,99.7,2024,0.0
patch_000273,1,5.5248,98.71,2025,0.0
patch_000274,1,22.8319,97.18,2024,0.0
patch_000275,1,17.7312,93.05,2024,0.0
patch_000276,1,29.2276,99.71,2025,0.0
patch_000277,1,32.6142,87.49,2024,0.0
patch_000279,1,21.0363,95.9,2024,0.0
patch_000280,1,13.0872,75.93,2023,0.0
patch_000281,1,13.9452,52.77,2024,0.0
patch_000283,1,8.773,49.98,2024,0.0
patch_000284,1,1.9702,46.38,2024,0.0
patch_000285,1,18.7179,76.68,2024,0.0
patch_000286,1,6.4467,78.77,2024,0.0
patch_000287,1,1.7282,62.75,2010,0.0
patch_000289,1,0.4285,95.66,2010,0.0
patch_000290,1,0.2145,83.55,2010,0.0
patch_000291,1,0.0715,94.27,2010,0.0
patch_000292,0,0.0,93.77,0,0.0
patch_000293,0,0.0,94.49,0,0.0
patch_000294,1,0.0238,95.46,2003,0.0
patch_000295,0,0.0,97.32,0,0.0
patch_000296,1,0.8582,98.51,2004,0.0
patch_000297,1,1.5725,98.69,2004,0.0
patch_000298,1,0.1986,99.17,2004,0.0
patch_000299,0,0.0,99.04,0,0.0
patch_000300,0,0.0,99.28,0,0.0
patch_000301,1,0.0715,99.73,2020,0.0
patch_000302,1,0.1156,99.49,2019,0.0
patch_000303,1,26.7386,97.81,2002,2.6431
patch_000305,1,62.8548,68.68,2004,3.4299
patch_000307,1,66.4746,79.09,2004,0.7062
patch_000308,1,28.1348,91.92,2016,0.5006
patch_000312,1,58.9936,67.82,2004,5.9544
patch_000313,1,3.9326,56.38,2019,0.7084
patch_000314,1,43.5162,72.0,2004,0.2384
patch_000316,1,25.5866,59.5,2001,0.0238
patch_000318,1,43.0641,66.91,2001,0.1799
patch_000319,1,34.9616,57.26,2004,0.033
patch_000320,1,35.4786,65.94,2002,0.0715
patch_000321,1,12.0203,98.19,2017,0.0
patch_000322,1,29.9209,97.05,2016,0.0
patch_000323,1,20.727,89.83,2002,0.0
patch_000324,1,71.5804,90.37,2008,0.0
patch_000325,1,55.9699,97.51,2004,0.003
patch_000326,1,19.4343,97.95,2005,0.4768
patch_000327,1,8.1234,98.22,2006,0.0
patch_000328,1,39.3866,98.63,2006,0.0238
patch_000329,1,60.7815,96.41,2004,2.5291
patch_000330,1,64.0738,73.37,2001,1.8067
patch_000331,1,87.5474,95.56,2006,0.1192
patch_000332,1,56.8503,77.46,2005,0.3099
patch_000333,1,84.8886,92.99,2004,0.0
patch_000334,1,68.9714,85.15,2004,0.0954
patch_000335,1,39.289,59.55,2004,0.1222
patch_000336,1,44.8983,53.23,2004,1.8931
patch_000337,1,65.2981,95.76,2004,1.7514
patch_000338,1,49.9466,71.26,2002,0.2622
patch_000339,1,5.9434,98.97,2018,0.0
patch_000340,1,1.1487,98.18,2017,0.0238
patch_000341,1,0.882,96.87,2007,0.0
patch_000342,1,0.8426,98.43,2014,0.0
patch_000343,1,9.2815,96.37,2022,0.3337
patch_000344,1,0.2384,97.32,2009,0.0
patch_000345,1,0.0238,97.58,2005,0.0
patch_000346,0,0.0,94.41,0,0.0
patch_000347,0,0.0,95.42,0,0.0
patch_000349,1,17.872,50.7,2017,0.2861
patch_000350,0,0.0,87.93,0,0.0
patch_000351,1,6.4817,73.67,2011,0.0715
patch_000352,0,0.0,95.7,0,0.0
patch_000353,1,21.9366,82.53,2019,0.0
patch_000354,1,33.7745,73.44,2019,0.0
patch_000355,1,29.9893,63.41,2003,0.0
patch_000356,1,88.4067,90.17,2009,0.0
patch_000357,1,86.4865,91.5,2004,0.0
patch_000358,1,82.1772,87.89,2004,0.0477
patch_000359,1,48.1695,54.22,2004,0.0715
patch_000361,1,57.6404,76.71,2002,0.0
patch_000362,1,67.6208,76.41,2004,0.0715
patch_000363,1,72.8035,73.23,2004,0.0
patch_000365,1,69.537,77.76,2002,0.4053
patch_000366,1,74.2739,73.94,2005,0.0
patch_000367,1,45.5252,92.04,2014,0.0
patch_000368,1,15.6494,97.94,2013,0.0
patch_000369,1,0.3153,93.46,2010,0.0
patch_000373,1,6.0577,57.94,2022,0.0268
patch_000375,1,0.0477,97.61,2001,0.1192
patch_000379,1,50.1914,95.04,2003,0.739
patch_000380,1,15.7085,89.08,2002,0.3099
patch_000381,1,18.9234,96.72,2017,0.3994
patch_000382,1,5.829,98.75,2020,0.0098
patch_000383,1,2.2305,98.87,2013,0.0
patch_000384,0,0.0,98.68,0,0.0
patch_000385,1,0.0238,97.95,2012,0.0
patch_000386,0,0.0,97.24,0,0.0
patch_000387,1,0.3337,97.89,2020,0.0
patch_000388,0,0.0,96.13,0,0.0
patch_000389,1,0.0238,95.2,2012,0.0
patch_000390,1,1.5461,97.8,2017,0.0
patch_000391,1,1.0743,94.81,2011,0.0
patch_000392,1,8.7785,83.58,2016,0.0
patch_000393,1,29.4161,56.21,2004,5.1373
patch_000394,1,20.2443,67.23,2001,0.3337
patch_000395,1,22.9438,63.82,2022,0.5006
patch_000396,1,22.6602,67.16,2016,0.0477
patch_000399,1,12.0772,73.6,2001,1.034
patch_000401,1,10.8056,60.16,2016,0.0715
patch_000405,1,24.1051,38.65,2020,0.0
patch_000406,1,75.1117,74.18,2020,0.0
patch_000407,1,37.3003,98.11,2008,0.2145
patch_000408,1,38.9104,98.21,2009,0.0507
patch_000409,1,28.5235,63.66,2009,0.0
patch_000411,1,83.5779,54.81,2016,0.0
patch_000412,1,18.7532,69.43,2009,0.0
patch_000413,1,6.5811,64.08,2010,0.0
patch_000414,1,24.9643,78.78,2007,0.0238
patch_000415,1,39.8621,80.42,2015,0.0238
patch_000416,1,50.8668,92.02,2010,0.0477
patch_000419,1,49.2527,64.75,2004,0.0732
patch_000420,1,77.5944,92.92,2023,0.0
patch_000421,1,67.3734,93.75,2023,0.0
patch_000422,1,62.0192,75.08,2024,0.0369
patch_000423,1,26.0788,93.54,2018,0.4772
patch_000424,1,38.0441,82.28,2025,3.2229
patch_000425,1,28.9283,85.28,2021,1.2877
patch_000426,1,12.5309,80.85,2019,0.0
patch_000427,1,24.2917,89.92,2019,0.0
patch_000428,1,61.8991,79.55,2019,0.0238
patch_000430,1,48.5075,77.18,2004,3.8875
patch_000431,1,29.5151,66.51,2021,3.8379
patch_000432,1,23.1734,80.7,2015,2.6995
patch_000433,1,49.2969,86.83,2020,0.0253
patch_000434,1,61.1591,87.78,2019,1.7745
patch_000435,1,49.7665,92.91,2002,0.6341
patch_000436,1,19.4107,91.91,2002,0.608
patch_000437,1,1.7689,92.93,2022,0.0
patch_000438,1,0.1005,86.84,2013,0.0
patch_000439,0,0.0,80.07,0,0.0
patch_000440,0,0.0,65.23,0,0.0
patch_000441,0,0.0,87.29,0,0.0
patch_000442,0,0.0,80.72,0,0.0
patch_000443,0,0.0,58.96,0,0.0
patch_000444,0,0.0,90.43,0,0.0
patch_000445,0,0.0,96.28,0,0.0
patch_000446,1,0.0238,67.89,2012,0.0
patch_000447,0,0.0,64.22,0,0.0
patch_000448,1,0.0207,91.0,2002,0.0
patch_000449,1,0.0578,81.53,2008,0.0
patch_000451,0,0.0,48.9,0,0.0
patch_000452,0,0.0,90.52,0,0.0
patch_000453,0,0.0,93.73,0,0.0
patch_000454,0,0.0,95.03,0,0.0
patch_000455,0,0.0,98.07,0,0.0
patch_000459,1,1.8148,92.93,2010,0.0
patch_000460,0,0.0,97.32,0,0.0
patch_000461,0,0.0,98.12,0,0.0
patch_000462,0,0.0,97.39,0,0.0
patch_000463,0,0.0,80.1,0,0.0
patch_000464,0,0.0,93.62,0,0.0
patch_000465,1,0.0954,97.1,2004,0.0
patch_000466,1,0.4768,62.47,2012,0.0
patch_000467,1,0.1699,38.91,2012,0.0
patch_000468,1,0.0477,53.35,2004,0.0
patch_000469,1,0.3039,51.04,2011,0.0
patch_000474,1,4.9545,62.95,2025,0.0
patch_000478,1,0.7153,58.44,2012,0.0
patch_000479,1,1.6718,96.87,2021,0.0
patch_000480,1,0.0238,99.66,2013,0.0
patch_000481,1,19.3753,63.19,2025,0.0
patch_000483,1,13.679,48.25,2024,0.0238
patch_000484,1,51.7441,91.37,2024,0.0
patch_000486,1,4.552,99.67,2025,0.0
patch_000487,1,0.5387,99.5,2017,0.0
patch_000488,0,0.0,99.34,0,0.0
patch_000489,1,0.0268,96.6,2007,0.0
patch_000490,0,0.0,99.69,0,0.0
patch_000491,0,0.0,99.95,0,0.0
patch_000492,0,0.0,99.79,0,0.0
patch_000493,0,0.0,99.87,0,0.0
patch_000494,0,0.0,99.95,0,0.0
patch_000495,0,0.0,99.95,0,0.0
patch_000496,1,0.0477,90.71,2012,0.0
patch_000497,1,10.7374,87.48,2025,0.0
patch_000498,1,23.2066,99.26,2025,0.0
patch_000499,1,49.3308,99.52,2024,0.0
patch_000500,1,18.1188,99.57,2024,0.0
patch_000501,1,5.2504,99.94,2025,0.0
patch_000502,1,3.0333,99.94,2025,0.0
patch_000503,1,10.7108,99.91,2025,0.0
patch_000504,1,4.3661,99.81,2025,0.0
patch_000505,1,8.1632,82.68,2024,0.0
patch_000506,1,2.2663,97.86,2024,0.0
patch_000507,1,12.894,98.93,2024,0.0
patch_000508,1,15.0359,78.26,2010,0.0
patch_000509,1,21.5334,77.92,2009,0.0
patch_000510,1,14.968,58.6,2003,0.0
patch_000511,1,12.8919,53.86,2003,0.0
patch_000512,1,5.5727,58.5,2003,0.0
patch_000513,1,4.5104,67.76,2020,0.0
patch_000514,1,7.445,86.72,2003,0.0
patch_000515,1,1.8653,61.58,2010,0.0
patch_000516,1,1.1832,59.35,2020,0.0
patch_000517,1,2.4555,89.89,2010,0.0
patch_000518,1,0.2146,84.05,2020,0.0
patch_000519,1,0.1907,93.55,2011,0.0
patch_000520,0,0.0,91.21,0,0.0
patch_000521,0,0.0,91.27,0,0.0
patch_000522,1,0.2536,95.09,2003,0.0
patch_000523,1,0.1174,96.81,2003,0.0
patch_000524,0,0.0,97.33,0,0.0
patch_000525,1,0.1954,98.35,2011,0.0
patch_000526,1,0.0497,98.01,2004,0.0
patch_000527,1,0.0208,94.85,2006,0.0
patch_000528,1,0.3576,93.38,2020,0.0
patch_000529,1,0.8582,97.27,2020,0.0
patch_000530,1,0.0238,99.55,2006,0.0
patch_000531,1,10.0267,92.19,2003,0.5264
patch_000535,1,37.5654,72.35,2003,0.9965
patch_000536,1,43.5874,96.61,2009,0.6139
patch_000538,1,33.7923,62.88,2002,2.8286
patch_000539,1,65.0965,83.76,2020,0.1222
patch_000540,1,54.2605,59.95,2002,1.3589
patch_000542,1,36.8283,71.13,2004,0.0954
patch_000543,1,50.6952,62.31,2006,0.0715
patch_000549,1,47.9397,61.41,2001,0.3973
patch_000550,1,43.8517,76.09,2004,0.1817
patch_000551,1,85.2532,89.18,2002,1.0936
patch_000553,1,25.7224,73.78,2002,0.0208
patch_000554,1,21.2522,88.94,2006,0.1907
patch_000557,1,60.5225,61.22,2004,0.1632
patch_000560,1,59.4837,75.43,2004,0.0238
patch_000561,1,66.3838,73.99,2017,0.1154
patch_000562,1,43.9264,56.58,2004,0.4368
patch_000563,1,49.0086,65.17,2002,0.5006
patch_000565,1,53.2291,70.57,2009,6.1679
patch_000567,1,8.6493,94.65,2019,0.0
patch_000568,1,0.1162,97.86,2022,0.0
patch_000569,1,0.4291,96.41,2017,0.0
patch_000570,1,18.6019,97.94,2021,0.0685
patch_000571,1,15.8902,92.45,2021,0.0477
patch_000572,1,0.8344,92.1,2018,0.0
patch_000573,1,0.0954,91.86,2009,0.0
patch_000574,1,0.0238,94.79,2012,0.0
patch_000575,1,1.4474,93.24,2023,0.0
patch_000578,1,1.1027,91.64,2012,0.0
patch_000579,1,16.3087,84.44,2006,0.2384
patch_000580,1,4.3054,96.9,2005,0.0
patch_000581,1,3.8846,96.35,2013,0.0
patch_000582,1,25.3684,79.43,2003,0.0
patch_000584,1,83.5098,87.12,2004,0.0
patch_000585,1,76.6115,93.45,2009,0.0715
patch_000586,1,86.0399,91.4,2004,0.0
patch_000587,1,74.9668,78.76,2003,0.0715
patch_000589,1,66.3833,66.69,2004,0.0238
patch_000590,1,85.1739,88.53,2004,0.0
patch_000591,1,65.9853,70.38,2004,0.0477
patch_000592,1,68.0321,64.86,2002,0.0
patch_000593,1,66.041,70.89,2002,0.0715
patch_000594,1,71.2001,75.29,2004,0.0
patch_000595,1,55.376,75.31,2010,0.0715
patch_000596,1,27.0042,94.88,2001,0.0
patch_000597,1,1.3997,89.75,2010,0.0
patch_000600,1,36.8056,89.59,2009,0.3576
patch_000601,1,37.8611,93.2,2005,0.0238
patch_000602,1,17.2149,92.83,2008,0.0238
patch_000603,0,0.0,98.73,0,0.0
patch_000604,1,36.1042,77.03,2002,0.0954
patch_000605,1,90.4088,92.16,2002,0.0328
patch_000606,1,85.5799,87.04,2002,0.0238
patch_000607,1,55.8486,59.41,2004,0.0477
patch_000609,1,9.6149,95.4,2020,0.0745
patch_000610,1,17.3249,96.97,2004,0.5483
patch_000611,1,0.3526,98.27,2006,0.0392
patch_000612,1,0.2146,97.15,2021,0.0
patch_000613,1,0.3099,97.6,2024,0.0
patch_000614,0,0.0,97.06,0,0.0
patch_000615,1,0.2146,98.15,2023,0.0
patch_000616,1,0.4291,96.14,2023,0.0
patch_000617,0,0.0,95.2,0,0.0
patch_000618,1,1.9042,97.41,2014,0.0
patch_000619,1,32.8554,95.62,2006,0.143
patch_000620,1,15.7365,92.18,2004,0.0
patch_000622,1,34.1109,69.06,2016,3.6601
patch_000623,1,37.2065,67.88,2019,1.2523
patch_000624,1,29.5845,72.3,2019,0.849
patch_000625,1,61.7957,70.72,2002,0.0477
patch_000628,1,39.9362,87.64,2016,0.596
patch_000629,1,19.2009,72.57,2002,0.6425
patch_000630,1,20.8715,75.18,2004,1.489
patch_000632,1,1.5525,77.93,2022,0.0
patch_000633,1,30.7652,89.77,2020,0.0715
patch_000634,1,99.3645,89.78,2020,0.0
patch_000635,1,62.7111,97.8,2019,0.1178
patch_000636,1,34.8549,99.24,2008,0.1821
patch_000637,1,20.4109,84.73,2009,0.0
patch_000638,1,44.1282,44.69,2016,0.0
patch_000639,1,65.0965,55.04,2017,0.0
patch_000640,1,3.6408,63.02,2025,0.0
patch_000641,1,40.9873,90.57,2010,0.0477
patch_000642,1,50.5374,91.36,2004,0.143
patch_000643,1,79.8528,74.19,2014,0.0
patch_000644,1,41.7945,91.26,2010,0.1192
patch_000647,1,40.0747,68.72,2018,0.0238
patch_000648,1,64.9492,91.56,2024,0.0238
patch_000649,1,74.2621,92.81,2023,0.0
patch_000650,1,44.444,63.96,2024,0.0
patch_000651,1,21.1375,94.26,2006,4.2734
patch_000652,1,52.2794,88.85,2006,4.9465
patch_000653,1,27.0262,82.26,2024,0.0
patch_000654,1,14.2341,78.36,2016,0.8791
patch_000655,1,26.3621,89.66,2018,0.0238
patch_000656,1,19.9568,90.06,2001,0.0
patch_000658,1,39.9325,65.91,2015,4.6305
patch_000659,1,36.1202,44.35,2007,1.2364
patch_000660,1,33.795,69.12,2020,2.2255
patch_000661,1,44.8537,78.9,2019,0.2831
patch_000662,1,14.7963,89.89,2020,0.0
patch_000663,1,41.4279,93.15,2003,1.7122
patch_000664,1,51.5506,88.29,2002,2.7854
patch_000665,1,18.4264,69.92,2019,0.0
patch_000666,1,3.7717,76.68,2016,0.0477
patch_000667,0,0.0,88.59,0,0.0
patch_000668,0,0.0,82.56,0,0.0
patch_000669,0,0.0,93.07,0,0.0
patch_000670,0,0.0,80.34,0,0.0
patch_000671,0,0.0,68.66,0,0.0
patch_000672,1,0.143,89.05,2025,0.0
patch_000673,0,0.0,90.87,0,0.0
patch_000674,0,0.0,78.45,0,0.0
patch_000675,0,0.0,80.35,0,0.0
patch_000676,0,0.0,96.93,0,0.0
patch_000677,0,0.0,61.01,0,0.0
patch_000679,0,0.0,83.73,0,0.0
patch_000680,0,0.0,86.49,0,0.0
patch_000681,0,0.0,91.21,0,0.0
patch_000682,1,0.0477,92.62,2012,0.0
patch_000683,0,0.0,92.01,0,0.0
patch_000687,0,0.0,80.84,0,0.0
patch_000688,0,0.0,94.87,0,0.0
patch_000689,0,0.0,96.59,0,0.0
patch_000690,0,0.0,90.3,0,0.0
patch_000691,1,0.0477,39.32,2003,0.0
patch_000692,0,0.0,79.76,0,0.0
patch_000693,0,0.0,97.4,0,0.0
patch_000694,1,8.1543,78.7,2011,0.0
patch_000695,1,0.0954,51.6,2010,0.0
patch_000696,1,0.6646,58.86,2006,0.0
patch_000697,1,1.1951,59.18,2025,0.0
patch_000698,1,2.1189,72.0,2025,0.0
patch_000699,1,0.0954,48.0,2011,0.0
patch_000703,1,3.2099,79.33,2021,0.0
patch_000704,0,0.0,53.68,0,0.0
patch_000705,1,14.6476,89.13,2021,0.0
patch_000706,1,0.8344,99.63,2017,0.0
patch_000707,0,0.0,99.89,0,0.0
patch_000708,0,0.0,99.88,0,0.0
patch_000709,1,14.4975,97.23,2025,0.0101
patch_000710,1,36.9262,82.49,2025,2.2378
patch_000711,1,5.4526,43.78,2023,0.0
patch_000712,1,20.4677,88.75,2025,0.0
patch_000713,1,3.3318,99.93,2025,0.0
patch_000714,0,0.0,99.96,0,0.0
patch_000715,0,0.0,99.88,0,0.0
patch_000716,0,0.0,99.82,0,0.0
patch_000717,0,0.0,99.84,0,0.0
patch_000718,0,0.0,99.89,0,0.0
patch_000719,0,0.0,99.88,0,0.0
patch_000720,0,0.0,99.97,0,0.0
patch_000721,0,0.0,99.96,0,0.0
patch_000722,0,0.0,99.98,0,0.0
patch_000723,0,0.0,99.93,0,0.0
patch_000724,0,0.0,99.96,0,0.0
patch_000725,1,2.8848,99.91,2024,0.0
patch_000726,1,17.1794,99.93,2025,0.0
patch_000727,1,16.4714,99.69,2025,0.0
patch_000728,1,9.4493,99.81,2025,0.0
patch_000729,1,7.4205,99.94,2025,0.0
patch_000730,0,0.0,99.77,0,0.0
patch_000731,0,0.0,99.92,0,0.0
patch_000732,0,0.0,99.92,0,0.0
patch_000733,1,0.1074,99.63,2010,0.0
patch_000734,1,0.1854,99.9,2006,0.0
patch_000735,1,0.5949,99.54,2010,0.0
patch_000736,1,5.4501,99.14,2010,0.0
patch_000737,1,5.4474,97.59,2010,0.0
patch_000738,1,19.265,86.19,2010,0.0
patch_000739,1,9.4515,52.0,2003,0.0
patch_000740,1,3.5284,83.19,2010,0.0
patch_000741,1,9.8688,80.62,2010,0.0
patch_000742,1,3.4884,88.57,2010,0.0
patch_000743,1,5.7487,74.01,2020,0.0
patch_000744,1,2.7085,81.25,2010,0.0
patch_000745,1,1.3476,84.73,2010,0.0
patch_000746,1,4.183,87.98,2024,0.0
patch_000747,1,4.9802,94.38,2024,0.0
patch_000749,1,0.1162,94.72,2012,0.0
patch_000750,1,0.1537,95.56,2003,0.0477
patch_000751,1,0.2477,94.77,2003,0.0
patch_000752,1,0.1192,94.56,2003,0.0
patch_000753,1,0.0715,95.87,2007,0.0
patch_000754,1,0.0477,96.83,2003,0.0
patch_000755,1,0.2414,92.76,2006,0.0
patch_000756,1,0.0238,94.64,2008,0.0
patch_000757,1,0.0238,97.66,2001,0.0
patch_000758,1,3.6231,94.73,2015,0.0
patch_000759,1,32.127,92.09,2002,0.3576
patch_000762,1,29.9518,63.25,2019,3.8322
patch_000763,1,77.538,88.73,2021,1.0978
patch_000764,1,42.8616,85.67,2020,1.2457
patch_000767,1,58.0142,81.44,2002,7.3615
patch_000769,1,24.429,81.31,2002,0.7059
patch_000770,1,28.1274,87.59,2017,0.0864
patch_000773,1,32.8051,70.63,2006,0.0477
patch_000775,1,69.2275,79.35,2001,0.3375
patch_000778,1,85.2662,94.78,2002,0.0715
patch_000779,1,41.4063,86.4,2002,0.4798
patch_000780,1,19.4435,69.36,2016,0.1669
patch_000781,1,16.5529,86.48,2017,2.3871
patch_000782,1,14.2175,79.63,2019,0.0715
patch_000785,1,59.5075,70.79,2002,0.7391
patch_000786,1,57.7812,73.47,2008,0.0954
patch_000787,1,60.9122,75.27,2016,0.0715
patch_000788,1,49.65,64.19,2016,1.8358
patch_000790,1,62.6022,84.68,2017,0.3576
patch_000792,1,51.9177,78.86,2017,0.1192
patch_000795,1,15.9237,96.59,2019,0.0477
patch_000796,1,2.4184,97.2,2022,0.0
patch_000797,1,0.5833,93.43,2022,0.1907
patch_000798,1,13.6471,77.08,2010,0.003
patch_000800,1,1.1049,53.74,2007,0.0
patch_000802,1,7.6299,57.51,2003,0.0
patch_000803,1,20.0986,56.03,2021,0.3815
patch_000806,1,9.2649,91.33,2015,0.0
patch_000807,1,13.1935,58.57,2010,0.0
patch_000808,1,63.3842,90.23,2004,0.0715
patch_000809,1,73.7703,88.15,2010,0.0238
patch_000810,1,82.6839,87.79,2003,0.0477
patch_000811,1,52.5839,75.76,2007,0.2146
patch_000813,1,25.1132,95.19,2004,0.5007
patch_000814,1,34.8578,80.72,2003,0.4883
patch_000818,1,48.6632,60.25,2009,0.0
patch_000819,1,65.465,77.47,2004,0.0238
patch_000821,1,86.2749,87.63,2003,0.0
patch_000822,1,68.0779,95.46,2004,0.0238
patch_000823,1,37.6806,86.95,2010,0.0715
patch_000826,1,6.9007,60.48,2018,0.0
patch_000827,1,4.9262,90.74,2017,0.0
patch_000828,1,22.526,91.98,2007,0.143
patch_000829,1,75.1104,94.86,2006,0.0
patch_000830,1,52.2209,61.93,2018,1.5854
patch_000833,1,48.373,67.28,2002,0.0
patch_000836,1,52.5434,58.89,2004,0.2861
patch_000838,1,47.9429,82.54,2002,0.1431
patch_000840,1,7.754,93.9,2005,2.842
patch_000841,1,33.4344,58.42,2005,5.3868
patch_000842,1,51.0651,91.74,2003,3.8593
patch_000843,1,21.3138,59.3,2002,1.4782
patch_000844,1,0.8791,76.61,2025,4.6396
patch_000846,1,4.5602,96.81,2025,0.3576
patch_000847,1,31.2352,98.17,2006,0.0
patch_000848,1,23.511,86.67,2022,0.1639
patch_000849,1,11.3906,92.88,2011,0.0238
patch_000850,1,29.957,77.29,2016,0.1907
patch_000852,1,9.5577,60.22,2018,0.4274
patch_000853,1,41.2735,75.06,2013,4.8637
patch_000854,1,46.1717,73.58,2018,4.3463
patch_000855,1,39.9381,63.26,2014,3.5196
patch_000856,1,12.341,94.18,2015,0.4053
patch_000857,1,8.0329,75.57,2002,0.1669
patch_000858,1,59.5559,93.53,2002,9.3954
patch_000859,1,31.9854,98.09,2002,1.2179
patch_000860,1,1.3916,97.83,2017,0.0813
patch_000861,1,16.5636,62.29,2015,1.0527
patch_000862,1,33.3965,97.95,2022,0.0
patch_000863,1,36.1865,98.07,2008,0.1192
patch_000864,1,13.9963,99.33,2008,0.0
patch_000865,1,25.9588,59.74,2010,0.0
patch_000868,1,1.2097,79.85,2010,0.0
patch_000869,1,9.7206,88.21,2010,0.143
patch_000870,1,46.4108,69.39,2004,2.5447
patch_000871,1,38.8865,78.26,2003,0.4549
patch_000872,1,14.8035,54.63,2010,0.596
patch_000873,1,23.6494,56.0,2010,0.0
patch_000874,1,4.8429,69.79,2010,0.1431
patch_000875,1,0.1222,94.27,2012,0.0
patch_000876,1,34.8653,93.43,2024,0.0
patch_000877,1,71.571,94.51,2023,0.0
patch_000878,1,31.569,90.38,2024,0.0
patch_000879,1,0.0477,85.55,2012,0.0
patch_000880,1,36.4842,78.17,2025,0.0
patch_000881,1,71.2423,82.61,2023,0.0
patch_000882,1,44.9293,90.45,2022,0.1222
patch_000883,1,21.1937,86.38,2022,0.0
patch_000884,1,6.5267,86.23,2024,0.0477
patch_000885,1,46.828,74.4,2017,0.0
patch_000886,1,44.3484,87.09,2023,0.4291
patch_000887,1,13.2969,66.11,2004,0.0
patch_000888,1,66.5711,88.1,2004,0.5513
patch_000889,1,14.3713,72.98,2024,0.003
patch_000890,1,8.2172,81.03,2024,0.0
patch_000891,1,28.0031,91.3,2002,3.004
patch_000892,1,10.7833,90.78,2002,1.0342
patch_000893,1,26.664,86.49,2016,0.0
patch_000894,1,9.049,94.12,2016,0.0
patch_000895,0,0.0,90.9,0,0.0
patch_000896,1,0.3755,86.73,2017,0.0
patch_000897,0,0.0,82.84,0,0.0
patch_000898,1,0.0238,84.54,2008,0.0
patch_000900,1,0.3338,94.66,2025,0.0
patch_000901,0,0.0,97.33,0,0.0
patch_000902,0,0.0,98.87,0,0.0
patch_000903,0,0.0,98.83,0,0.0
patch_000904,0,0.0,85.05,0,0.0
patch_000905,0,0.0,52.21,0,0.0
patch_000906,0,0.0,75.71,0,0.0
patch_000907,0,0.0,95.68,0,0.0
patch_000908,0,0.0,75.03,0,0.0
patch_000909,0,0.0,79.07,0,0.0
patch_000910,0,0.0,74.89,0,0.0
patch_000911,0,0.0,83.21,0,0.0
patch_000916,1,0.0954,75.91,2017,0.0
patch_000917,0,0.0,60.37,0,0.0
patch_000920,0,0.0,78.57,0,0.0
patch_000921,1,0.2772,97.97,2011,0.0
patch_000922,1,4.0205,85.11,2011,0.0
patch_000923,1,0.0477,55.87,2010,0.0
patch_000924,1,0.462,48.12,2011,0.0
patch_000927,1,0.1192,55.53,2006,0.0
patch_000928,1,0.2861,86.55,2010,0.0
patch_000929,1,0.0954,73.56,2017,0.0
patch_000930,1,0.0715,55.58,2001,0.0
patch_000931,1,0.0692,84.32,2009,0.0
patch_000932,1,0.5098,70.63,2010,0.0
patch_000933,1,0.1669,97.57,2010,0.0
patch_000934,0,0.0,99.76,0,0.0
patch_000935,0,0.0,99.69,0,0.0
patch_000936,0,0.0,99.69,0,0.0
patch_000937,0,0.0,99.56,0,0.0
patch_000938,1,11.7161,91.08,2024,0.0
patch_000939,1,7.586,35.19,2025,0.0
patch_000940,1,16.3025,58.34,2025,0.0
patch_000941,1,20.4688,99.88,2025,0.0
patch_000942,0,0.0,99.97,0,0.0
patch_000943,0,0.0,99.79,0,0.0
patch_000944,0,0.0,99.66,0,0.0
patch_000945,0,0.0,99.86,0,0.0
patch_000946,0,0.0,99.72,0,0.0
patch_000947,0,0.0,99.94,0,0.0
patch_000948,0,0.0,99.88,0,0.0
patch_000949,0,0.0,99.95,0,0.0
patch_000950,0,0.0,99.92,0,0.0
patch_000951,0,0.0,99.92,0,0.0
patch_000952,1,0.0238,99.91,2018,0.0
patch_000953,0,0.0,99.94,0,0.0
patch_000954,1,1.8534,99.75,2025,0.0
patch_000955,1,8.153,99.94,2025,0.0
patch_000956,1,0.8473,99.91,2025,0.0
patch_000957,0,0.0,99.86,0,0.0
patch_000958,0,0.0,99.85,0,0.0
patch_000959,0,0.0,99.96,0,0.0
patch_000960,0,0.0,99.97,0,0.0
patch_000961,0,0.0,99.88,0,0.0
patch_000962,1,1.5498,99.15,2010,0.0
patch_000963,1,1.8837,99.15,2010,0.0
patch_000964,1,0.3607,99.84,2010,0.0
patch_000965,1,0.7093,99.65,2010,0.0
patch_000967,1,13.0792,56.88,2009,0.0
patch_000968,1,8.3153,95.34,2010,0.0
patch_000969,1,15.1796,95.02,2010,0.0
patch_000970,1,16.3021,94.77,2009,0.0
patch_000971,1,11.2304,94.43,2010,0.0
patch_000972,1,6.0623,92.18,2010,0.0
patch_000973,1,2.2855,59.13,2010,0.0
patch_000974,1,10.5582,94.29,2010,0.0
patch_000975,1,7.5496,95.56,2010,0.0
patch_000976,1,1.8397,95.69,2003,0.0
patch_000977,1,0.0268,95.37,2003,0.0
patch_000978,1,0.0715,96.2,2008,0.0
patch_000979,1,0.1669,92.31,2010,0.0
patch_000980,1,0.0477,92.53,2001,0.0
patch_000981,1,0.0685,93.83,2007,0.0
patch_000982,1,0.0238,96.59,2007,0.0
patch_000983,0,0.0,89.29,0,0.0
patch_000984,0,0.0,90.24,0,0.0
patch_000985,0,0.0,95.14,0,0.0
patch_000986,1,15.0025,82.84,2003,0.2146
patch_000987,1,39.3815,85.54,2002,0.4053
patch_000988,1,51.0091,66.62,2002,1.5976
patch_000990,1,55.19,95.53,2017,0.3875
patch_000991,1,34.9021,55.83,2017,1.6858
patch_000992,1,54.243,96.72,2002,1.0349
patch_000993,1,39.1404,56.93,2003,2.1089
patch_000995,1,29.0499,67.45,2002,0.6498
patch_000997,1,57.2995,87.74,2016,0.8275
patch_000998,1,64.7372,96.5,2001,0.0567
patch_000999,1,58.9118,57.43,2003,0.0
patch_001000,1,41.3017,66.72,2001,1.0462
patch_001001,1,68.3839,86.72,2004,0.0477
patch_001002,1,43.9567,50.68,2002,0.2384
patch_001003,1,10.2945,85.31,2011,0.0
patch_001004,1,2.5656,93.19,2001,0.0
patch_001005,1,40.258,61.21,2002,0.5484
patch_001006,1,49.8843,94.75,2002,0.1431
patch_001007,1,56.6622,94.65,2006,0.2146
patch_001008,1,29.1713,97.14,2006,0.0238
patch_001009,1,20.8511,94.15,2006,0.0715
patch_001010,1,73.1061,79.61,2004,0.0447
patch_001011,1,36.2699,83.14,2017,0.0954
patch_001012,1,33.3637,89.55,2019,0.0
patch_001013,1,61.6278,89.18,2002,0.0238
patch_001014,1,50.9468,96.46,2004,0.2609
patch_001015,1,46.3373,67.77,2004,0.0795
patch_001016,1,89.5122,89.29,2004,0.0
patch_001017,1,65.5308,79.59,2016,0.0
patch_001018,1,28.5528,76.81,2016,0.0
patch_001019,1,29.4247,76.68,2001,0.0
patch_001020,1,28.7347,81.67,2004,0.9239
patch_001021,1,32.3979,84.7,2004,0.0477
patch_001022,1,65.0398,82.31,2016,0.1431
patch_001023,1,48.522,94.4,2018,0.0
patch_001024,1,4.7645,96.23,2019,0.0
patch_001026,1,35.6535,78.16,2010,0.0238
patch_001027,1,21.3575,66.64,2010,0.003
patch_001028,1,4.7817,83.39,2024,0.0715
patch_001029,1,17.6385,87.57,2002,0.1907
patch_001030,1,18.7388,84.29,2021,0.0
patch_001031,1,2.942,75.93,2021,0.0
patch_001032,1,4.9116,54.26,2020,0.0
patch_001033,1,0.963,78.32,2010,0.0
patch_001034,1,0.3283,95.1,2021,0.0
patch_001035,1,14.7903,82.39,2010,0.4894
patch_001036,1,57.8775,92.91,2017,0.8231
patch_001037,1,67.1537,84.87,2004,1.0434
patch_001038,1,82.3116,90.24,2004,0.0
patch_001039,1,56.6549,69.79,2004,0.1192
patch_001041,1,97.0928,97.65,2003,0.009
patch_001042,1,59.4364,93.8,2008,0.0
patch_001043,1,54.4883,74.87,2001,0.0
patch_001046,1,34.4481,60.75,2004,0.2146
patch_001047,1,48.7834,53.74,2009,0.0238
patch_001048,1,66.9868,67.87,2001,0.1431
patch_001049,1,98.1721,96.72,2009,0.0
patch_001050,1,87.3559,86.64,2002,0.0
patch_001054,1,7.9382,68.13,2005,0.0
patch_001055,1,3.5891,91.78,2017,0.0238
patch_001056,1,15.5502,81.15,2022,0.4292
patch_001060,1,6.3163,79.41,2013,0.1843
patch_001061,1,36.9396,89.27,2002,0.0876
patch_001062,1,10.8409,77.42,2006,0.0715
patch_001066,1,29.9001,83.94,2002,1.1029
patch_001067,1,25.8811,62.63,2002,0.5097
patch_001068,1,2.7014,96.88,2005,1.3812
patch_001069,1,4.0791,98.0,2005,0.7798
patch_001070,1,38.034,97.77,2004,3.0549
patch_001071,1,19.157,95.26,2012,0.2861
patch_001072,1,0.003,98.52,2022,0.0
patch_001073,1,0.0477,98.94,2012,0.0
patch_001074,1,3.7704,98.48,2012,0.0715
patch_001075,1,29.757,97.17,2002,0.0
patch_001076,1,48.5504,49.74,2021,0.2891
patch_001077,1,54.4504,87.75,2013,2.0247
patch_001078,1,29.7272,84.95,2002,6.8992
patch_001083,1,19.2684,55.73,2019,0.8585
patch_001084,1,13.7307,95.27,2003,0.2824
patch_001085,1,16.6915,91.49,2002,0.1669
patch_001086,1,38.9658,96.98,2002,0.2384
patch_001087,1,60.8713,98.95,2002,0.5961
patch_001088,1,1.5976,98.24,2024,0.0238
patch_001089,1,24.1045,90.94,2008,3.2665
patch_001090,1,33.6234,95.37,2008,2.3128
patch_001091,1,29.6471,98.63,2008,0.1192
patch_001092,1,35.9579,99.35,2011,0.0
patch_001093,1,24.0996,64.89,2010,0.0
patch_001095,1,97.3079,52.99,2016,0.0
patch_001097,1,34.1007,79.52,2003,0.4527
patch_001098,1,18.6207,81.01,2005,1.3897
patch_001099,1,2.8844,98.31,2003,0.025
patch_001100,1,13.2505,88.55,2010,0.0
patch_001101,1,1.4638,99.22,2010,0.0
patch_001102,1,0.2176,97.76,2002,0.0
patch_001103,1,0.0954,92.48,2014,0.0
patch_001104,1,2.992,93.98,2024,0.0
patch_001105,1,35.129,94.05,2025,0.0
patch_001106,1,10.9155,90.13,2025,0.0
patch_001107,1,0.4977,76.13,2008,0.0
patch_001108,1,11.8288,78.64,2024,0.0
patch_001109,1,55.7307,74.33,2019,0.0
patch_001110,1,44.2687,70.46,2014,0.0
patch_001111,1,51.8728,95.74,2020,0.0
patch_001112,1,24.0388,83.98,2012,0.0
patch_001113,1,23.1739,63.91,2025,0.0238
patch_001114,1,35.1323,92.73,2010,0.2146
patch_001115,1,9.0459,95.09,2010,0.0
patch_001116,1,46.7884,81.25,2004,0.0209
patch_001117,1,26.992,52.02,2014,0.0
patch_001118,1,23.924,65.86,2004,5.5819
patch_001119,1,41.3845,95.99,2004,4.6658
patch_001120,1,0.637,95.65,2016,0.0171
patch_001121,1,15.1942,87.14,2008,0.0
patch_001122,1,11.8022,89.65,2010,0.0
patch_001123,1,2.3582,84.68,2017,0.0
patch_001124,1,1.4223,93.18,2017,0.0
patch_001125,0,0.0,91.74,0,0.0
patch_001126,0,0.0,82.66,0,0.0
patch_001127,0,0.0,70.05,0,0.0
patch_001128,1,0.0715,84.86,2002,0.0
patch_001129,0,0.0,94.99,0,0.0
patch_001130,0,0.0,98.16,0,0.0
patch_001131,0,0.0,98.34,0,0.0
patch_001132,0,0.0,98.57,0,0.0
patch_001133,0,0.0,72.33,0,0.0
patch_001139,0,0.0,42.8,0,0.0
patch_001148,0,0.0,91.7,0,0.0
patch_001149,1,6.5748,89.02,2011,0.0
patch_001150,1,0.0546,41.68,2011,0.0
patch_001151,1,1.9791,53.02,2010,0.0
patch_001152,1,0.2861,35.64,2010,0.0
patch_001157,1,0.0715,82.42,2011,0.0
patch_001158,1,0.0238,94.73,2014,0.0
patch_001159,1,3.1447,96.77,2011,0.0
patch_001160,1,3.723,60.99,2019,0.0
patch_001161,1,1.9224,99.43,2011,0.0
patch_001162,0,0.0,99.81,0,0.0
patch_001163,0,0.0,99.78,0,0.0
patch_001164,1,0.0238,99.71,2010,0.0
patch_001165,0,0.0,99.64,0,0.0
patch_001166,1,1.0734,99.62,2002,0.2385
patch_001167,1,33.3331,90.35,2025,0.2146
patch_001168,1,22.3236,61.46,2025,0.0715
patch_001169,1,11.9853,99.14,2024,0.0
patch_001170,0,0.0,99.97,0,0.0
patch_001171,0,0.0,99.97,0,0.0
patch_001172,0,0.0,99.86,0,0.0
patch_001173,0,0.0,99.9,0,0.0
patch_001174,0,0.0,99.94,0,0.0
patch_001175,0,0.0,99.78,0,0.0
patch_001176,0,0.0,99.94,0,0.0
patch_001177,1,0.0238,99.83,2012,0.0
patch_001178,0,0.0,99.85,0,0.0
patch_001179,0,0.0,99.98,0,0.0
patch_001180,0,0.0,99.95,0,0.0
patch_001181,0,0.0,99.83,0,0.0
patch_001182,0,0.0,99.96,0,0.0
patch_001183,0,0.0,99.89,0,0.0
patch_001184,0,0.0,99.9,0,0.0
patch_001185,0,0.0,99.88,0,0.0
patch_001186,0,0.0,99.95,0,0.0
patch_001187,0,0.0,99.97,0,0.0
patch_001188,0,0.0,99.96,0,0.0
patch_001189,0,0.0,99.9,0,0.0
patch_001190,0,0.0,99.82,0,0.0
patch_001191,1,0.313,99.64,2006,0.0
patch_001192,1,8.4481,98.6,2010,0.0
patch_001193,1,6.0909,98.85,2010,0.0
patch_001194,1,7.5023,94.71,2020,0.0
patch_001195,1,6.1866,94.61,2010,0.0
patch_001196,1,6.0815,97.15,2010,0.0
patch_001197,1,11.3213,96.85,2010,0.0
patch_001198,1,11.8163,95.6,2020,0.0
patch_001199,1,3.2933,93.2,2010,0.0
patch_001201,1,1.1706,56.93,2010,0.0
patch_001202,1,1.2896,91.91,2010,0.0
patch_001203,1,0.5246,91.03,2024,0.0
patch_001204,1,1.8264,90.15,2024,0.0
patch_001205,1,8.3812,92.14,2024,0.0
patch_001206,1,0.4531,93.65,2024,0.0
patch_001207,0,0.0,93.2,0,0.0
patch_001208,0,0.0,94.68,0,0.0
patch_001209,1,0.003,91.54,2012,0.0
patch_001210,0,0.0,95.51,0,0.0
patch_001211,1,0.0715,87.59,2017,0.0
patch_001212,0,0.0,88.79,0,0.0
patch_001213,1,0.0954,92.87,2020,0.0
patch_001214,1,31.786,89.78,2018,0.0417
patch_001215,1,55.9589,85.5,2004,0.3487
patch_001216,1,27.2521,59.5,2002,0.7153
patch_001217,1,19.3259,49.34,2016,0.5294
patch_001218,1,58.6166,86.75,2016,1.9056
patch_001219,1,75.4631,85.46,2017,0.7722
patch_001220,1,63.7772,94.49,2006,0.3815
patch_001221,1,25.9789,60.56,2006,1.3353
patch_001223,1,33.937,67.06,2002,3.1571
patch_001224,1,52.8415,59.55,2003,0.2385
patch_001225,1,56.6807,87.34,2003,1.38
patch_001226,1,53.7843,83.29,2004,0.2861
patch_001228,1,68.092,72.62,2004,0.0268
patch_001229,1,30.6043,92.54,2011,0.0894
patch_001230,1,45.4426,64.4,2002,0.0
patch_001231,1,10.8234,58.56,2010,0.0
patch_001232,1,9.1376,66.66,2001,0.1192
patch_001233,1,69.1755,88.14,2005,0.1908
patch_001234,1,64.794,98.87,2004,0.1908
patch_001235,1,79.1702,87.66,2006,0.0
patch_001236,1,75.2153,81.89,2005,0.0238
patch_001237,1,88.4612,97.05,2005,0.2623
patch_001238,1,58.178,82.41,2016,0.1222
patch_001239,1,26.3324,94.38,2016,0.0715
patch_001240,1,45.9754,94.25,2004,4.0535
patch_001242,1,26.3023,89.97,2011,0.0
patch_001243,1,51.5216,91.86,2010,0.0715
patch_001244,1,72.3059,80.45,2004,0.0477
patch_001245,1,50.7006,79.49,2004,0.0
patch_001246,1,50.1216,70.93,2014,0.0
patch_001247,1,36.0726,79.15,2016,0.0
patch_001248,1,20.4818,88.93,2021,0.1968
patch_001249,1,5.4787,94.64,2005,0.0
patch_001250,1,11.3937,91.45,2017,0.0
patch_001251,1,57.6945,86.78,2004,0.5246
patch_001252,1,58.1521,82.75,2004,0.1544
patch_001253,1,27.8296,78.99,2016,0.0429
patch_001254,1,5.5126,73.05,2004,0.0238
patch_001255,1,7.9267,83.42,2024,0.0
patch_001256,1,0.5961,66.83,2018,0.0
patch_001257,1,0.6677,78.04,2024,0.0
patch_001258,0,0.0,60.52,0,0.0
patch_001259,1,0.0954,57.17,2017,0.0
patch_001260,1,0.2152,64.06,2010,0.0
patch_001261,1,1.8888,96.83,2010,0.0
patch_001262,1,0.9747,94.75,2010,0.0
patch_001263,1,22.4175,95.22,2010,0.0
patch_001264,1,52.6043,94.95,2008,0.1192
patch_001265,1,85.6527,95.0,2010,0.0238
patch_001266,1,85.1559,94.5,2010,0.0
patch_001267,1,81.6788,83.63,2005,0.0477
patch_001268,1,58.4481,84.4,2002,0.1461
patch_001269,1,77.1929,97.54,2002,0.5961
patch_001270,1,46.4328,92.07,2008,0.1192
patch_001271,1,9.9766,59.67,2009,0.1192
patch_001275,1,80.1652,78.62,2002,0.0
patch_001276,1,76.4308,77.95,2003,0.0
patch_001277,1,97.8004,98.17,2003,0.0
patch_001278,1,85.3321,88.1,2002,0.0
patch_001282,1,39.9575,85.93,2003,0.5113
patch_001283,1,1.0729,94.6,2017,0.0
patch_001284,1,12.4321,87.82,2002,0.3338
patch_001285,1,12.4267,67.31,2021,0.7086
patch_001287,1,41.5839,81.78,2003,0.9296
patch_001288,1,4.596,82.98,2012,0.1431
patch_001289,1,2.1213,99.08,2025,0.0
patch_001290,1,7.7186,81.12,2016,0.0477
patch_001291,1,36.0302,65.03,2010,1.6893
patch_001292,1,46.2255,60.1,2002,0.5918
patch_001293,1,0.4717,74.28,2012,0.0238
patch_001294,1,9.759,96.11,2021,0.0238
patch_001295,1,14.6668,84.03,2014,0.0
patch_001296,1,0.9249,99.64,2017,0.0477
patch_001297,1,18.6139,99.01,2021,0.0715
patch_001298,1,14.6745,99.32,2012,0.2657
patch_001299,1,9.7639,97.54,2003,1.0039
patch_001300,1,1.8837,99.11,2020,0.0
patch_001301,1,13.3263,99.47,2017,0.0
patch_001302,1,13.8328,99.23,2020,0.0
patch_001303,1,23.8536,91.53,2012,0.2385
patch_001304,1,54.4846,63.0,2021,1.4196
patch_001305,1,16.394,93.71,2022,0.2293
patch_001306,1,12.5934,86.77,2003,1.8838
patch_001310,1,27.1969,56.34,2021,0.1431
patch_001312,1,35.7568,93.33,2002,0.0
patch_001313,1,51.3383,90.23,2002,0.0
patch_001314,1,53.269,96.44,2002,0.0238
patch_001315,1,21.5013,98.33,2002,0.6677
patch_001316,1,2.3411,98.81,2008,0.453
patch_001317,1,14.0877,82.52,2015,9.6661
patch_001318,1,7.179,91.95,2009,2.4298
patch_001319,1,12.4713,45.21,2019,0.0
patch_001320,1,13.9065,60.52,2018,0.0
patch_001321,1,22.83,50.52,2016,0.0
patch_001322,1,44.3324,82.45,2016,0.0
patch_001323,1,26.3887,95.02,2017,0.0477
patch_001324,1,14.5749,90.93,2010,0.0477
patch_001325,1,34.3091,94.69,2017,0.4525
patch_001326,1,68.3446,91.95,2008,1.4445
patch_001327,1,11.4021,98.37,2020,0.0477
patch_001328,1,1.1773,99.67,2025,0.0
patch_001329,0,0.0,99.67,0,0.0
patch_001330,0,0.0,97.46,0,0.0
patch_001331,1,0.0238,96.36,2016,0.0
patch_001332,0,0.0,96.68,0,0.0
patch_001333,1,0.0238,95.46,2012,0.0
patch_001334,1,1.3668,96.32,2009,0.0
patch_001335,1,0.851,79.91,2024,0.0
patch_001336,1,1.2951,70.49,2008,0.0238
patch_001337,1,20.7174,79.35,2024,0.1431
patch_001338,1,39.303,65.09,2004,0.0
patch_001339,1,47.7892,94.95,2009,0.0
patch_001340,1,68.7292,92.32,2011,0.0238
patch_001341,1,49.5623,83.15,2009,0.0
patch_001342,1,55.6106,92.11,2011,0.0
patch_001343,1,48.3306,79.66,2011,0.0238
patch_001345,1,20.7524,63.71,2016,0.0
patch_001346,1,7.5448,52.83,2015,0.2414
patch_001347,1,27.0509,85.6,2010,0.0477
patch_001348,1,56.5051,98.57,2017,0.0
patch_001349,1,56.4674,97.36,2004,0.6855
patch_001350,1,16.233,81.2,2004,1.0879
patch_001351,1,0.9337,77.42,2017,0.0
patch_001352,0,0.0,74.62,0,0.0
patch_001353,1,0.0238,89.04,2004,0.0238
patch_001354,0,0.0,67.15,0,0.0
patch_001355,0,0.0,85.69,0,0.0
patch_001356,1,0.1669,95.25,2024,0.0
patch_001357,1,0.0477,94.94,2003,0.0477
patch_001358,0,0.0,88.33,0,0.0
patch_001359,0,0.0,98.34,0,0.0
patch_001360,1,0.0477,98.7,2013,0.0
patch_001361,0,0.0,98.44,0,0.0
patch_001362,0,0.0,80.11,0,0.0
patch_001363,0,0.0,58.43,0,0.0
patch_001364,0,0.0,57.96,0,0.0
patch_001365,0,0.0,60.77,0,0.0
patch_001366,0,0.0,39.69,0,0.0
patch_001367,0,0.0,77.04,0,0.0
patch_001376,0,0.0,57.64,0,0.0
patch_001377,1,0.0238,86.2,2011,0.0
patch_001378,0,0.0,53.11,0,0.0
patch_001379,1,0.0922,68.59,2011,0.0
patch_001386,1,4.1971,86.66,2010,0.0
patch_001387,0,0.0,95.36,0,0.0
patch_001388,1,15.3729,90.88,2010,0.0
patch_001389,1,1.9071,99.39,2010,0.0
patch_001390,0,0.0,99.77,0,0.0
patch_001392,0,0.0,99.95,0,0.0
patch_001393,0,0.0,99.93,0,0.0
patch_001394,0,0.0,99.88,0,0.0
patch_001395,1,3.519,99.03,2025,0.189
patch_001396,1,33.1026,82.44,2024,0.199
patch_001397,1,12.8404,84.17,2014,0.0
patch_001398,1,11.607,99.13,2025,0.0
patch_001399,1,14.3024,99.46,2025,0.0
patch_001400,1,9.1876,99.91,2025,0.0
patch_001401,0,0.0,99.94,0,0.0
patch_001402,0,0.0,99.84,0,0.0
patch_001403,0,0.0,99.73,0,0.0
patch_001404,0,0.0,99.95,0,0.0
patch_001405,0,0.0,99.92,0,0.0
patch_001406,0,0.0,99.91,0,0.0
patch_001407,0,0.0,99.86,0,0.0
patch_001408,0,0.0,99.92,0,0.0
patch_001409,0,0.0,99.93,0,0.0
patch_001410,0,0.0,99.92,0,0.0
patch_001411,0,0.0,99.82,0,0.0
patch_001412,0,0.0,99.9,0,0.0
patch_001413,0,0.0,99.89,0,0.0
patch_001414,0,0.0,99.9,0,0.0
patch_001415,0,0.0,99.98,0,0.0
patch_001416,0,0.0,99.98,0,0.0
patch_001417,0,0.0,99.96,0,0.0
patch_001418,0,0.0,99.95,0,0.0
patch_001419,0,0.0,99.94,0,0.0
patch_001420,1,0.5723,99.91,2010,0.0
patch_001421,1,5.3305,99.64,2020,0.0
patch_001422,1,12.2059,97.34,2020,0.0
patch_001423,1,4.0098,97.65,2010,0.0
patch_001424,1,4.4688,96.95,2010,0.0
patch_001425,1,14.8836,95.4,2020,0.0
patch_001426,1,11.0443,90.01,2020,0.0
patch_001427,1,1.076,73.87,2020,0.0
patch_001428,1,0.1192,49.91,2010,0.0
patch_001429,1,0.3338,66.74,2010,0.0
patch_001430,1,1.3414,94.31,2010,0.0
patch_001431,1,3.2669,96.71,2024,0.0
patch_001433,1,3.1806,95.36,2025,0.0
patch_001434,0,0.0,93.48,0,0.0
patch_001435,0,0.0,93.1,0,0.0
patch_001436,0,0.0,89.74,0,0.0
patch_001437,0,0.0,92.11,0,0.0
patch_001438,1,0.0238,90.85,2003,0.0
patch_001439,0,0.0,86.98,0,0.0
patch_001440,1,1.4369,86.81,2017,0.0
patch_001441,1,29.1192,91.22,2022,0.0
patch_001442,1,32.0107,77.61,2003,1.9099
patch_001443,1,42.4371,73.3,2020,0.1623
patch_001444,1,31.447,53.65,2008,0.787
patch_001445,1,31.8867,70.21,2001,1.1768
patch_001446,1,41.4706,89.28,2020,0.0699
patch_001447,1,86.8968,82.8,2018,0.0954
patch_001448,1,62.4171,90.13,2017,0.0209
patch_001449,1,14.5375,61.73,2001,0.93
patch_001452,1,58.8459,69.17,2005,1.5739
patch_001453,1,38.6048,87.17,2003,4.974
patch_001454,1,28.6496,76.0,2007,0.0238
patch_001457,1,28.3183,70.75,2002,0.7452
patch_001458,1,47.5677,69.32,2003,0.0238
patch_001459,1,8.427,56.23,2008,0.0
patch_001461,1,53.1397,81.04,2001,0.0
patch_001462,1,11.541,88.19,2006,0.0
patch_001463,1,79.0002,86.86,2004,0.1709
patch_001464,1,60.9703,77.62,2004,0.2146
patch_001465,1,69.0818,85.34,2004,0.0
patch_001466,1,39.4751,84.33,2009,0.0
patch_001467,1,23.9189,92.4,2022,0.2666
patch_001468,1,36.722,69.5,2002,0.1521
patch_001469,1,31.086,68.98,2002,0.3427
patch_001470,1,41.9942,92.43,2005,0.2902
patch_001471,1,73.7616,78.74,2002,0.0
patch_001472,1,53.556,79.56,2010,0.0238
patch_001473,1,43.9612,67.12,2004,0.0
patch_001474,1,29.2131,84.73,2004,4.9538
patch_001475,1,31.2885,95.28,2024,0.0
patch_001476,1,25.2493,88.39,2023,0.0477
patch_001477,1,22.0429,93.5,2002,0.0
patch_001478,1,24.9752,55.28,2004,0.0477
patch_001480,1,45.344,80.01,2004,0.0
patch_001481,1,12.4108,60.89,2016,0.0
patch_001482,1,2.8888,61.5,2025,0.0
patch_001483,1,2.9557,76.66,2025,0.0
patch_001484,1,0.0477,86.11,2013,0.0
patch_001485,0,0.0,76.23,0,0.0
patch_001486,0,0.0,54.8,0,0.0
patch_001487,0,0.0,66.58,0,0.0
patch_001488,1,0.1789,65.53,2017,0.4889
patch_001489,1,7.6613,79.02,2019,0.981
patch_001490,1,5.9779,94.01,2010,0.0
patch_001491,1,17.7366,93.21,2008,0.0
patch_001492,1,46.0259,92.29,2008,0.0
patch_001493,1,76.843,94.51,2010,0.0
patch_001494,1,86.1034,94.65,2009,0.0
patch_001495,1,75.9244,93.66,2004,0.0505
patch_001496,1,14.9944,94.9,2010,0.1666
patch_001497,1,16.8466,98.98,2011,0.5148
patch_001498,1,75.3818,92.97,2006,0.0
patch_001499,1,0.0477,85.79,2008,0.0
patch_001500,1,50.257,71.24,2017,0.0715
patch_001501,1,36.0063,63.28,2002,0.1878
patch_001504,1,89.0896,86.49,2002,0.0
patch_001505,1,98.915,96.93,2002,0.0
patch_001506,1,97.8956,95.31,2002,0.0
patch_001507,1,71.1574,83.85,2002,0.0
patch_001510,1,4.4408,87.49,2002,0.0
patch_001511,1,13.2946,62.33,2002,0.2623
patch_001512,1,49.1456,60.38,2002,0.0715
patch_001515,1,85.7498,89.49,2011,0.772
patch_001518,1,9.4029,54.59,2016,2.2433
patch_001522,1,39.5498,98.4,2020,0.2385
patch_001523,1,14.2816,95.86,2020,0.0
patch_001525,1,48.004,58.88,2019,0.0
patch_001526,1,58.8111,97.44,2011,0.0
patch_001527,1,27.494,99.1,2012,0.0238
patch_001528,1,67.8434,97.72,2011,0.0
patch_001529,1,68.7476,78.79,2011,0.0477
patch_001530,1,8.1311,75.37,2019,0.5723
patch_001531,1,44.6124,87.23,2016,0.0573
patch_001532,1,60.8834,96.08,2016,0.1428
patch_001533,1,47.8751,97.59,2004,0.0715
patch_001534,1,20.7041,56.17,2002,0.0477
patch_001536,1,16.1138,68.77,2018,8.0314
patch_001537,1,9.233,54.71,2017,3.2285
patch_001539,1,4.4547,57.15,2023,0.2146
patch_001540,1,18.2992,86.21,2005,0.8346
patch_001541,1,5.5071,75.54,2002,0.5008
patch_001542,1,37.4691,68.27,2002,0.1669
patch_001543,1,9.9943,85.11,2002,1.0254
patch_001544,1,7.6753,99.44,2023,0.0
patch_001545,1,21.3484,80.1,2015,3.4667
patch_001546,1,12.4016,85.21,2019,0.6201
patch_001547,1,84.1644,36.92,2019,0.0
patch_001549,1,86.2643,39.37,2018,0.0
patch_001550,1,13.4126,84.69,2019,0.0
patch_001551,1,35.8177,97.97,2010,0.0238
patch_001552,1,47.706,95.73,2010,0.0
patch_001553,1,81.4263,99.43,2010,0.0
patch_001554,1,69.3947,98.66,2010,0.1431
patch_001555,1,17.2919,97.83,2020,0.0
patch_001556,1,0.4322,99.51,2014,0.0
patch_001557,1,0.0238,99.19,2012,0.0
patch_001558,1,0.0238,97.9,2012,0.0
patch_001559,1,0.167,94.33,2025,0.0
patch_001560,1,0.0603,97.32,2025,0.0
patch_001561,0,0.0,97.07,0,0.0
patch_001562,1,0.0715,96.66,2012,0.0
patch_001563,0,0.0,82.25,0,0.0
patch_001564,1,0.2623,87.88,2009,0.0
patch_001565,1,12.2582,95.27,2018,1.5739
patch_001566,1,60.2948,83.63,2004,0.0
patch_001567,1,52.5972,96.96,2010,0.0715
patch_001568,1,65.9192,93.74,2011,0.0
patch_001569,1,74.1959,93.32,2011,0.0
patch_001570,1,78.8465,91.81,2011,0.0
patch_001571,1,39.9755,75.05,2012,0.1639
patch_001572,1,9.9818,68.41,2014,0.2385
patch_001573,1,3.0232,69.66,2005,0.0
patch_001574,1,2.9845,66.81,2025,0.0
patch_001575,1,41.0478,87.37,2010,0.1669
patch_001577,1,53.8517,97.62,2004,3.8088
patch_001578,1,3.2842,91.02,2004,0.5107
patch_001579,0,0.0,81.93,0,0.0
patch_001580,1,31.7947,81.42,2020,0.0
patch_001581,1,44.2774,85.21,2020,0.0
patch_001582,1,3.5641,74.55,2021,0.0
patch_001583,0,0.0,79.39,0,0.0
patch_001584,0,0.0,75.62,0,0.0
patch_001585,0,0.0,92.86,0,0.0
patch_001586,0,0.0,98.23,0,0.0
patch_001587,1,0.0715,98.77,2021,0.0
patch_001588,0,0.0,98.27,0,0.0
patch_001589,0,0.0,98.39,0,0.0
patch_001590,0,0.0,90.92,0,0.0
patch_001591,0,0.0,67.63,0,0.0
patch_001592,0,0.0,47.88,0,0.0
patch_001593,0,0.0,49.9,0,0.0
patch_001594,0,0.0,72.99,0,0.0
patch_001595,0,0.0,92.16,0,0.0
patch_001603,0,0.0,80.13,0,0.0
patch_001604,0,0.0,99.56,0,0.0
patch_001605,0,0.0,84.64,0,0.0
patch_001606,1,0.0238,77.3,2010,0.0
patch_001607,1,1.407,70.31,2013,0.0
patch_001615,1,0.1908,94.99,2017,0.0
patch_001616,0,0.0,99.89,0,0.0
patch_001617,0,0.0,99.97,0,0.0
patch_001618,0,0.0,99.93,0,0.0
patch_001619,0,0.0,99.97,0,0.0
patch_001620,0,0.0,99.96,0,0.0
patch_001621,0,0.0,99.94,0,0.0
patch_001622,0,0.0,99.86,0,0.0
patch_001623,1,0.4031,99.81,2025,0.0
patch_001624,1,28.4679,99.6,2025,0.0238
patch_001625,1,33.5487,97.81,2025,0.0
patch_001626,1,27.1869,97.76,2025,0.0
patch_001627,1,12.1393,85.78,2023,0.0
patch_001628,1,0.9785,85.65,2015,0.0
patch_001629,1,0.2087,99.54,2017,0.0
patch_001631,0,0.0,99.87,0,0.0
patch_001632,0,0.0,99.89,0,0.0
patch_001633,1,4.4833,99.88,2017,0.0
patch_001634,0,0.0,99.92,0,0.0
patch_001635,0,0.0,99.9,0,0.0
patch_001636,1,0.0954,99.94,2018,0.0
patch_001637,1,0.3339,99.93,2018,0.0
patch_001639,0,0.0,99.77,0,0.0
patch_001640,0,0.0,99.79,0,0.0
patch_001641,0,0.0,99.81,0,0.0
patch_001642,0,0.0,99.98,0,0.0
patch_001643,0,0.0,99.84,0,0.0
patch_001644,0,0.0,99.78,0,0.0
patch_001645,0,0.0,99.66,0,0.0
patch_001646,0,0.0,99.76,0,0.0
patch_001647,0,0.0,99.91,0,0.0
patch_001648,0,0.0,99.85,0,0.0
patch_001649,0,0.0,99.77,0,0.0
patch_001650,1,0.006,99.77,2010,0.0
patch_001651,1,0.0715,99.61,2010,0.0
patch_001652,1,0.0268,99.66,2020,0.0
patch_001653,0,0.0,98.65,0,0.0
patch_001654,0,0.0,97.23,0,0.0
patch_001656,1,0.2862,43.65,2020,0.0477
patch_001657,1,1.8989,81.51,2025,0.0
patch_001658,1,0.7038,89.71,2010,0.0
patch_001659,1,1.1781,94.97,2010,0.0
patch_001660,0,0.0,83.94,0,0.0
patch_001661,0,0.0,93.61,0,0.0
patch_001662,1,0.0238,89.65,2011,0.0477
patch_001663,0,0.0,89.43,0,0.0
patch_001664,1,0.1431,93.29,2020,0.0
patch_001665,0,0.0,94.6,0,0.0
patch_001666,0,0.0,91.34,0,0.0
patch_001667,0,0.0,91.64,0,0.0
patch_001668,1,0.0009,89.86,2021,0.0
patch_001669,1,40.7896,88.35,2020,0.5962
patch_001670,1,42.9726,75.64,2017,0.5425
patch_001671,1,39.6576,82.8,2007,0.0542
patch_001672,1,45.1954,76.11,2017,3.3386
patch_001673,1,34.2597,74.88,2017,0.6785
patch_001674,1,13.5589,73.05,2018,0.1212
patch_001675,1,52.3894,60.79,2019,0.1192
patch_001676,1,55.478,84.95,2016,0.2176
patch_001677,1,40.9099,57.13,2016,0.4531
patch_001680,1,59.7617,66.88,2013,1.2937
patch_001681,1,26.7769,68.52,2020,1.405
patch_001682,1,17.7745,63.72,2009,0.0477
patch_001685,1,39.0078,54.61,2004,0.0
patch_001686,1,37.4819,63.53,2004,0.0
patch_001687,1,22.3597,86.54,2004,0.0238
patch_001688,1,13.5981,78.34,2003,0.162
patch_001689,1,7.9223,84.09,2011,0.0888
patch_001690,1,30.3031,94.67,2004,0.0
patch_001691,1,59.1948,91.31,2005,0.0238
patch_001692,1,63.3132,76.1,2007,0.0
patch_001693,1,69.191,78.09,2004,0.0238
patch_001694,1,51.4819,92.55,2004,0.0954
patch_001695,1,37.248,71.35,2002,1.0255
patch_001696,1,30.0665,65.54,2001,0.7452
patch_001698,1,49.6217,84.83,2016,0.0
patch_001699,1,64.1645,91.78,2004,0.0
patch_001700,1,71.2929,77.18,2010,0.0238
patch_001702,1,53.9557,97.81,2016,8.376
patch_001703,1,51.5985,76.4,2002,0.222
patch_001704,1,28.7642,82.64,2022,0.0
patch_001708,1,41.7323,69.83,2004,0.1192
patch_001709,1,16.6958,82.68,2016,0.0
patch_001710,1,1.0757,76.72,2024,0.0
patch_001711,1,1.1754,76.85,2024,0.0
patch_001712,0,0.0,73.26,0,0.0
patch_001713,1,0.3038,90.04,2024,0.0
patch_001714,1,0.4895,86.26,2006,0.2623
patch_001715,1,0.3816,87.75,2019,0.0
patch_001716,1,0.459,89.65,2011,1.7174
patch_001717,1,4.8144,74.57,2019,7.7685
patch_001718,1,20.5257,97.46,2016,0.0
patch_001719,1,38.2343,77.28,2016,0.0
patch_001720,1,61.3374,85.88,2016,0.0
patch_001721,1,89.5482,94.47,2004,0.0477
patch_001722,1,80.2339,91.97,2009,0.0238
patch_001724,1,12.6056,95.42,2010,0.5062
patch_001725,1,27.9069,98.65,2013,0.6695
patch_001726,1,38.7053,68.34,2010,0.1431
patch_001727,1,10.5966,95.33,2019,0.0
patch_001728,1,55.4442,95.07,2009,0.1192
patch_001734,1,70.9072,69.11,2002,0.0
patch_001737,1,8.0682,75.79,2003,0.0
patch_001744,1,36.37,68.53,2004,0.1669
patch_001745,1,36.5619,65.72,2021,0.6916
patch_001746,1,9.74,91.06,2019,0.9719
patch_001748,1,30.8571,66.99,2016,1.583
patch_001750,1,31.0232,62.83,2023,0.6678
patch_001751,1,24.9988,82.27,2011,0.1192
patch_001752,1,41.4146,69.84,2012,0.0
patch_001753,1,28.9382,80.62,2012,0.1192
patch_001754,1,34.3653,97.81,2012,0.0238
patch_001756,1,69.5356,86.29,2011,0.0238
patch_001758,1,37.7254,87.79,2020,0.0715
patch_001759,1,38.0083,83.27,2014,1.1924
patch_001760,1,52.2692,96.94,2020,0.0238
patch_001761,1,25.5317,99.53,2016,0.0
patch_001762,1,0.3339,88.11,2011,0.0238
patch_001763,1,0.8495,75.39,2020,0.0626
patch_001764,1,19.1978,84.86,2002,3.4103
patch_001765,1,22.4542,85.35,2015,1.0284
patch_001766,1,3.3619,63.53,2002,0.4223
patch_001767,1,29.9584,68.29,2004,0.0
patch_001768,1,24.445,72.51,2004,0.1192
patch_001769,1,9.2108,89.36,2002,0.0715
patch_001770,1,31.8037,96.96,2006,0.72
patch_001771,1,9.9476,66.06,2003,0.0972
patch_001772,1,3.2207,99.57,2011,0.0
patch_001773,1,2.0064,99.11,2009,0.0238
patch_001774,1,19.0492,90.08,2018,0.0
patch_001775,1,62.7658,60.8,2019,0.0
patch_001776,1,43.9929,71.94,2018,0.0238
patch_001778,1,16.8995,89.81,2018,0.0
patch_001779,1,47.5699,98.81,2017,0.0113
patch_001780,1,65.0449,97.6,2010,0.0189
patch_001781,1,51.459,99.37,2003,0.0
patch_001782,1,19.1539,99.38,2002,0.0
patch_001783,0,0.0,98.09,0,0.0
patch_001784,0,0.0,99.16,0,0.0
patch_001785,0,0.0,99.31,0,0.0
patch_001786,0,0.0,96.18,0,0.0
patch_001787,1,0.0238,97.25,2012,0.0
patch_001788,0,0.0,97.89,0,0.0
patch_001789,1,0.1163,97.64,2024,0.0
patch_001790,0,0.0,95.72,0,0.0
patch_001791,0,0.0,72.57,0,0.0
patch_001792,0,0.0,90.83,0,0.0
patch_001793,0,0.0,86.47,0,0.0
patch_001794,1,2.7957,96.46,2020,0.0
patch_001795,1,33.5606,98.71,2010,0.0
patch_001796,1,66.3027,79.69,2002,0.281
patch_001797,1,72.0211,91.18,2011,0.0115
patch_001798,1,46.5215,85.26,2005,0.0477
patch_001799,1,16.4392,60.91,2002,0.0507
patch_001800,1,2.9952,69.12,2003,0.1431
patch_001801,1,4.0771,55.18,2004,0.7675
patch_001802,1,42.8812,77.46,2004,2.1756
patch_001803,1,48.5606,78.59,2015,0.0458
patch_001804,1,55.5289,91.47,2010,0.0
patch_001805,1,26.2175,93.52,2006,0.0954
patch_001806,1,5.0114,97.9,2010,0.0715
patch_001807,1,56.3109,89.2,2016,0.0
patch_001808,1,61.8782,92.04,2019,0.0
patch_001809,1,78.2586,78.41,2019,0.0
patch_001810,1,46.3241,88.93,2020,0.0
patch_001811,1,0.0656,63.29,2021,0.0
patch_001812,0,0.0,65.46,0,0.0
patch_001813,1,0.0477,92.63,2006,0.0
patch_001814,1,0.1669,89.2,2006,0.0
patch_001815,0,0.0,91.21,0,0.0
patch_001816,0,0.0,94.83,0,0.0
patch_001817,0,0.0,88.92,0,0.0
patch_001818,0,0.0,69.78,0,0.0
patch_001819,0,0.0,56.02,0,0.0
patch_001821,0,0.0,66.71,0,0.0
patch_001822,0,0.0,59.57,0,0.0
patch_001823,0,0.0,60.58,0,0.0
patch_001824,1,31.5771,53.65,2013,1.8841
patch_001826,1,4.2965,75.64,2023,0.6916
patch_001831,1,0.0477,99.66,2008,0.0
patch_001832,0,0.0,99.49,0,0.0
patch_001833,0,0.0,99.35,0,0.0
patch_001835,1,0.0954,91.07,2014,0.0
patch_001836,1,0.3816,66.65,2013,0.0238
patch_001837,1,1.7528,93.97,2011,0.0
patch_001838,1,10.0259,92.38,2010,0.0
patch_001839,1,3.8529,75.87,2010,0.0
patch_001840,1,7.5157,94.84,2010,0.0
patch_001843,0,0.0,93.77,0,0.0
patch_001844,0,0.0,99.93,0,0.0
patch_001845,0,0.0,99.96,0,0.0
patch_001846,0,0.0,99.93,0,0.0
patch_001847,0,0.0,99.92,0,0.0
patch_001848,0,0.0,99.94,0,0.0
patch_001849,0,0.0,99.88,0,0.0
patch_001850,0,0.0,99.92,0,0.0
patch_001851,0,0.0,99.94,0,0.0
patch_001852,0,0.0,99.9,0,0.0
patch_001853,0,0.0,99.74,0,0.0
patch_001854,0,0.0,99.81,0,0.0
patch_001856,1,1.5175,93.35,2016,0.0
patch_001857,1,0.8645,96.87,2017,0.0
patch_001858,1,1.2163,96.12,2017,0.0
patch_001859,1,0.4293,97.84,2017,0.0
patch_001860,0,0.0,99.71,0,0.0
patch_001861,0,0.0,99.87,0,0.0
patch_001862,1,1.7258,99.75,2021,0.0
patch_001863,1,15.1692,96.55,2021,3.1809
patch_001864,1,19.2432,94.92,2003,4.5789
patch_001865,1,10.1173,98.07,2020,0.2623
patch_001866,1,22.385,97.99,2010,2.6234
patch_001867,1,0.6797,99.3,2023,0.0
patch_001868,0,0.0,99.2,0,0.0
patch_001869,0,0.0,99.53,0,0.0
patch_001870,0,0.0,99.84,0,0.0
patch_001871,0,0.0,99.34,0,0.0
patch_001872,0,0.0,99.47,0,0.0
patch_001873,0,0.0,99.38,0,0.0
patch_001874,0,0.0,99.66,0,0.0
patch_001875,1,0.0924,99.9,2020,0.0
patch_001876,1,0.0238,99.66,2008,0.0
patch_001877,0,0.0,99.34,0,0.0
patch_001878,0,0.0,99.75,0,0.0
patch_001879,0,0.0,99.78,0,0.0
patch_001880,0,0.0,99.83,0,0.0
patch_001881,0,0.0,99.66,0,0.0
patch_001882,0,0.0,98.82,0,0.0
patch_001883,0,0.0,71.93,0,0.0
patch_001884,1,0.0477,64.89,2001,0.0
patch_001885,1,2.2269,90.26,2025,0.0
patch_001886,0,0.0,92.74,0,0.0
patch_001887,0,0.0,91.89,0,0.0
patch_001888,1,0.0238,86.91,2010,0.0
patch_001889,0,0.0,88.49,0,0.0
patch_001890,1,1.2266,94.14,2005,0.0715
patch_001891,1,31.9125,91.18,2003,1.7231
patch_001892,1,21.0096,82.81,2001,0.0477
patch_001893,1,0.3636,95.3,2025,0.0
patch_001894,0,0.0,96.0,0,0.0
patch_001895,0,0.0,97.25,0,0.0
patch_001896,0,0.0,97.68,0,0.0
patch_001897,1,1.5768,94.39,2001,0.0
patch_001898,1,8.1516,88.77,2001,0.316
patch_001899,1,17.1547,90.87,2016,0.0477
patch_001900,1,63.7394,84.22,2015,0.3816
patch_001901,1,19.0989,88.48,2022,0.161
patch_001902,1,0.7087,62.5,2020,0.0
patch_001903,1,35.3408,69.75,2021,0.0238
patch_001904,1,44.9472,83.01,2022,1.315
patch_001905,1,21.7803,52.51,2016,0.2012
patch_001908,1,67.2119,72.22,2008,0.0238
patch_001909,1,32.7721,64.61,2015,0.3577
patch_001912,1,37.6469,62.86,2017,0.2146
patch_001913,1,51.7891,57.22,2008,0.0477
patch_001914,1,67.0023,82.65,2004,0.0954
patch_001915,1,48.6299,82.74,2004,0.0
patch_001916,1,15.2431,89.91,2004,0.0
patch_001917,1,4.1792,94.25,2017,0.0
patch_001918,1,24.9498,92.59,2017,0.3935
patch_001919,1,60.4946,80.99,2004,0.0477
patch_001920,1,37.21,90.32,2017,0.2385
patch_001921,1,57.0076,86.3,2005,0.0477
patch_001922,1,35.9898,87.57,2003,0.0954
patch_001923,1,25.4355,83.49,2005,0.2146
patch_001924,1,9.435,83.66,2004,0.9909
patch_001926,1,24.6752,84.12,2011,0.0
patch_001927,1,18.4833,96.78,2015,0.0715
patch_001928,1,58.1274,69.31,2004,0.1431
patch_001929,1,29.3095,84.54,2006,0.0954
patch_001930,1,47.8414,85.24,2002,0.0
patch_001932,1,45.4887,83.58,2002,0.0477
patch_001934,1,79.5808,83.28,2016,2.6668
patch_001935,1,37.7983,52.79,2021,0.8673
patch_001936,1,24.6251,79.08,2006,0.0
patch_001937,1,55.6259,87.1,2018,0.0
patch_001938,1,20.5652,72.52,2018,0.0
patch_001939,1,0.2257,75.74,2024,0.0
patch_001940,1,0.1192,96.19,2017,0.0
patch_001941,1,0.0238,98.63,2017,0.0
patch_001942,0,0.0,97.14,0,0.1192
patch_001943,1,0.4352,97.48,2017,0.0
patch_001944,1,1.4091,96.91,2022,0.0
patch_001945,1,34.1529,96.99,2021,0.1669
patch_001946,1,44.1691,92.78,2022,0.0
patch_001947,1,54.2603,92.48,2010,0.0
patch_001948,1,83.6147,94.21,2009,0.0
patch_001949,1,65.1888,96.54,2009,0.0
patch_001950,1,62.4873,87.07,2004,0.0
patch_001951,1,84.189,89.95,2021,0.0477
patch_001952,1,60.1182,93.02,2016,0.5724
patch_001953,1,39.9805,94.96,2005,0.5784
patch_001954,1,14.6645,67.47,2021,0.3585
patch_001955,1,51.193,75.78,2002,0.0349
patch_001956,1,73.7817,93.93,2004,0.0238
patch_001973,1,29.1431,52.31,2003,0.31
patch_001974,1,34.3949,66.2,2004,1.7887
patch_001975,1,26.4154,77.08,2016,0.954
patch_001976,1,39.8135,77.96,2015,1.1984
patch_001978,1,57.9606,76.32,2003,1.7734
patch_001979,1,17.3113,60.74,2012,0.2219
patch_001980,1,13.2971,75.24,2012,0.0
patch_001981,1,64.6456,98.8,2020,0.0
patch_001982,1,78.3702,99.16,2017,0.0
patch_001983,1,66.7057,90.89,2011,0.0
patch_001984,1,41.1158,88.32,2012,0.0238
patch_001985,1,19.6271,94.65,2024,0.1908
patch_001986,1,31.2555,95.52,2020,0.0238
patch_001987,1,21.2967,85.47,2020,0.1908
patch_001988,1,14.7614,98.75,2010,0.0
patch_001989,1,26.8972,72.7,2002,0.6678
patch_001990,1,26.1888,61.26,2003,0.0238
patch_001991,1,1.0584,88.33,2005,0.4144
patch_001992,1,23.0072,99.18,2003,0.5724
patch_001993,1,30.671,82.26,2004,3.8416
patch_001994,1,26.1321,61.78,2002,1.9399
patch_001995,1,49.9192,69.7,2004,0.1431
patch_001996,1,65.2463,99.54,2004,0.0
patch_001997,1,44.1591,81.47,2004,0.0238
patch_001998,1,54.5026,83.59,2004,0.0
patch_001999,1,27.8115,98.88,2004,1.3832
patch_002000,1,5.7975,99.74,2017,0.0
patch_002001,1,0.4756,99.49,2020,0.0
patch_002002,1,2.7279,97.82,2022,0.0238
patch_002003,1,27.0025,94.36,2017,0.0
patch_002004,1,9.8234,98.55,2017,0.0
patch_002005,1,42.9137,99.49,2017,0.0
patch_002006,1,51.222,99.6,2017,0.0
patch_002007,1,42.8626,98.27,2017,0.0
patch_002008,1,32.3982,91.94,2002,0.2325
patch_002009,1,1.5027,99.11,2003,0.0238
patch_002010,1,0.0238,99.81,2012,0.0
patch_002011,1,0.3931,99.47,2002,0.0
patch_002012,1,0.1378,95.42,2012,0.0
patch_002013,1,0.0477,97.16,2009,0.0
patch_002014,1,0.0954,97.18,2012,0.0
patch_002015,0,0.0,93.85,0,0.0
patch_002016,0,0.0,97.65,0,0.0
patch_002017,1,0.003,97.48,2024,0.0477
patch_002018,0,0.0,96.28,0,0.0
patch_002019,0,0.0,93.29,0,0.0
patch_002020,0,0.0,79.39,0,0.0
patch_002021,0,0.0,67.94,0,0.0
patch_002022,0,0.0,71.91,0,0.0
patch_002023,1,0.0238,96.05,2010,0.0
patch_002024,1,34.185,96.25,2012,0.0
patch_002025,1,50.9419,96.86,2012,0.0
patch_002026,1,29.0742,86.06,2024,0.0784
patch_002027,1,20.2338,62.88,2025,1.1859
patch_002028,1,31.9538,84.61,2010,0.2504
patch_002029,1,37.4717,76.32,2013,2.2246
patch_002030,1,7.5803,66.39,2004,0.1117
patch_002031,1,21.128,61.18,2017,0.0477
patch_002032,1,44.2095,70.59,2014,0.0238
patch_002033,1,68.6167,83.35,2004,1.6233
patch_002034,1,55.2952,98.8,2016,0.0336
patch_002035,1,58.1246,97.99,2016,0.0
patch_002036,1,50.7985,97.34,2016,0.0238
patch_002037,1,91.1772,92.93,2020,0.0
patch_002038,1,72.057,93.14,2019,0.0
patch_002039,1,6.0622,89.04,2020,0.0
patch_002040,0,0.0,63.27,0,0.0
patch_002041,1,0.0477,70.36,2012,0.0
patch_002042,0,0.0,57.32,0,0.0
patch_002043,0,0.0,56.2,0,0.0
patch_002044,0,0.0,61.77,0,0.0
patch_002045,0,0.0,51.39,0,0.0
patch_002046,0,0.0,59.96,0,0.0
patch_002047,0,0.0,43.67,0,0.0
patch_002049,1,0.0238,55.63,2012,0.0
patch_002050,0,0.0,45.55,0,0.0
patch_002051,0,0.0,46.05,0,0.0
patch_002058,1,0.0239,56.62,2017,0.0
patch_002059,1,1.7614,98.93,2007,0.0
patch_002060,1,0.4152,97.97,2007,0.0
patch_002061,0,0.0,99.23,0,0.0
patch_002062,0,0.0,99.42,0,0.0
patch_002063,0,0.0,99.32,0,0.0
patch_002064,0,0.0,97.69,0,0.0
patch_002065,1,0.0477,96.55,2013,0.0239
patch_002066,1,0.1431,99.72,2015,0.0
patch_002067,1,0.2862,99.82,2012,0.0
patch_002068,1,0.0715,99.32,2020,0.0
patch_002069,1,1.7173,97.69,2018,0.0
patch_002070,1,4.9369,85.44,2018,0.3339
patch_002071,1,0.0477,99.5,2001,0.0
patch_002072,0,0.0,99.82,0,0.0
patch_002073,1,0.1908,99.91,2020,0.0
patch_002074,0,0.0,99.94,0,0.0
patch_002075,0,0.0,99.88,0,0.0
patch_002076,1,2.5044,99.86,2013,0.0
patch_002077,0,0.0,99.87,0,0.0
patch_002078,0,0.0,99.82,0,0.0
patch_002079,0,0.0,99.78,0,0.0
patch_002080,0,0.0,99.88,0,0.0
patch_002081,0,0.0,99.57,0,0.0
patch_002082,0,0.0,99.65,0,0.0
patch_002083,0,0.0,99.85,0,0.0
patch_002084,0,0.0,99.88,0,0.0
patch_002085,0,0.0,99.69,0,0.0
patch_002086,1,0.0716,99.02,2017,0.0
patch_002087,1,1.4549,96.88,2017,0.0239
patch_002088,1,1.4836,97.35,2017,0.0
patch_002089,1,15.0175,96.05,2017,0.5832
patch_002090,1,37.3406,84.03,2017,3.7288
patch_002091,1,14.5871,93.41,2016,0.6295
patch_002092,1,16.0062,98.77,2023,0.0
patch_002093,1,3.5682,97.23,2024,0.0
patch_002094,1,4.5648,97.27,2020,0.4056
patch_002095,1,0.1729,98.5,2020,0.0
patch_002096,1,0.1133,99.42,2023,0.0
patch_002097,0,0.0,99.46,0,0.0
patch_002098,0,0.0,99.65,0,0.0
patch_002099,0,0.0,99.19,0,0.0
patch_002100,0,0.0,99.33,0,0.0
patch_002101,0,0.0,99.44,0,0.0
patch_002103,1,1.1479,99.84,2020,0.0
patch_002104,1,0.0239,99.06,2010,0.0
patch_002105,0,0.0,99.7,0,0.0
patch_002106,0,0.0,99.7,0,0.0
patch_002107,0,0.0,99.76,0,0.0
patch_002108,0,0.0,99.83,0,0.0
patch_002109,0,0.0,99.4,0,0.0
patch_002110,0,0.0,91.39,0,0.0
patch_002111,0,0.0,76.65,0,0.0
patch_002112,0,0.0,81.2,0,0.0
patch_002113,0,0.0,94.56,0,0.0
patch_002115,0,0.0,91.87,0,0.0
patch_002116,0,0.0,88.1,0,0.0
patch_002117,0,0.0,88.84,0,0.0
patch_002118,1,0.6992,90.1,2024,0.0477
patch_002119,1,22.1098,87.2,2023,0.7096
patch_002120,1,40.0333,74.97,2021,0.2862
patch_002121,1,1.8197,95.41,2025,0.0954
patch_002122,1,0.1431,93.92,2004,0.0
patch_002123,1,1.0343,92.76,2002,0.2235
patch_002124,1,0.0447,97.87,2001,0.0209
patch_002125,1,2.2474,90.65,2003,0.3101
patch_002126,1,41.2521,82.55,2003,0.1431
patch_002127,1,32.5268,73.88,2002,0.843
patch_002128,1,34.6872,82.05,2016,1.2019
patch_002129,1,16.5014,79.8,2004,0.006
patch_002130,1,12.6002,49.9,2007,0.0239
patch_002131,1,33.0942,59.45,2005,0.0
patch_002132,1,46.3332,86.81,2018,0.3115
patch_002133,1,32.47,74.35,2015,0.1364
patch_002136,1,9.2235,57.07,2002,0.5486
patch_002137,1,46.703,61.98,2001,0.426
patch_002138,1,59.2176,80.06,2016,0.2121
patch_002139,1,51.7067,80.57,2020,0.1193
patch_002140,1,65.3552,70.43,2020,0.3339
patch_002141,1,91.3258,95.26,2002,0.0
patch_002142,1,37.0879,80.59,2001,0.0477
patch_002143,1,30.0443,90.76,2004,0.0924
patch_002144,1,21.9744,80.17,2004,0.1163
patch_002145,1,2.7296,94.39,2017,0.0
patch_002146,1,31.2507,91.09,2020,1.3954
patch_002147,1,48.6501,93.27,2004,0.2623
patch_002148,1,37.2053,79.49,2022,1.0733
patch_002150,1,23.2518,89.47,2002,1.3647
patch_002151,1,7.6384,96.54,2005,0.0954
patch_002152,1,20.2311,83.97,2005,0.0716
patch_002155,1,7.7427,94.24,2004,0.1491
patch_002156,1,43.2656,64.46,2004,2.8638
patch_002162,1,54.6186,69.88,2013,1.4311
patch_002164,1,5.5723,61.21,2010,0.0
patch_002165,1,6.394,71.3,2019,0.0
patch_002166,1,1.7279,68.67,2004,0.0477
patch_002167,1,0.0477,67.29,2017,0.0
patch_002168,1,0.0477,95.34,2017,0.0
patch_002169,0,0.0,98.63,0,0.0
patch_002170,0,0.0,98.71,0,0.0
patch_002171,0,0.0,97.9,0,0.0
patch_002172,1,0.0519,97.94,2022,0.0
patch_002173,1,12.2377,93.11,2022,0.0
patch_002174,1,13.9996,96.13,2022,0.0
patch_002175,1,69.3743,96.25,2003,0.0
patch_002176,1,57.2737,92.21,2009,0.1908
patch_002177,1,67.5304,90.92,2004,0.0
patch_002178,1,66.1554,93.82,2004,0.0
patch_002179,1,58.1192,84.17,2021,0.0239
patch_002180,1,71.6961,91.37,2010,0.0239
patch_002181,1,68.4644,93.85,2011,0.0
patch_002182,1,47.7774,98.47,2004,0.0
patch_002184,1,86.0398,85.55,2004,0.0238
patch_002186,1,84.6655,95.99,2004,0.0
patch_002187,1,81.6266,84.27,2004,0.0
patch_002192,1,52.5121,59.04,2002,0.0
patch_002193,1,18.7475,94.83,2017,0.2206
patch_002194,1,56.045,70.03,2004,0.0
patch_002195,1,68.52,93.49,2010,0.0
patch_002200,1,26.4045,55.43,2003,0.0
patch_002201,1,16.7016,67.01,2004,0.0239
patch_002202,1,33.1772,63.49,2004,1.8366
patch_002203,1,37.9032,73.19,2007,0.1401
patch_002204,1,72.5398,73.88,2018,0.5247
patch_002205,1,44.4534,75.43,2004,0.1908
patch_002206,1,56.8733,98.46,2004,2.9606
patch_002207,1,2.2063,99.72,2004,0.5386
patch_002208,1,13.0609,87.88,2004,0.0716
patch_002209,1,83.9639,99.63,2020,0.0
patch_002210,1,91.0398,99.27,2016,0.0477
patch_002211,1,30.9723,97.91,2016,0.3816
patch_002212,1,48.981,93.7,2024,0.0
patch_002213,1,65.0107,93.52,2011,0.0
patch_002214,1,34.9174,94.85,2020,0.0512
patch_002215,1,12.2206,85.57,2020,1.202
patch_002216,1,10.7633,97.98,2011,0.0443
patch_002217,1,62.3193,73.19,2003,0.0477
patch_002218,1,37.6103,86.22,2002,0.0
patch_002219,1,1.2786,95.45,2022,0.0715
patch_002220,1,15.7575,86.17,2021,2.5103
patch_002221,1,16.852,94.46,2021,0.2415
patch_002222,1,3.7887,97.89,2014,0.6917
patch_002223,1,43.9768,93.56,2004,0.0
patch_002224,1,79.4157,95.7,2004,0.0239
patch_002225,1,59.5659,83.17,2004,0.0
patch_002226,1,49.4362,98.86,2004,0.2624
patch_002227,1,30.7038,99.78,2004,0.5247
patch_002228,1,6.7644,99.77,2017,0.0
patch_002229,1,0.0239,99.69,2003,0.0
patch_002230,1,1.8454,98.92,2017,0.0239
patch_002231,1,36.4739,97.87,2016,0.0
patch_002232,1,18.9556,97.69,2016,0.0
patch_002233,1,32.4104,99.3,2017,0.0
patch_002234,1,36.8263,99.73,2017,0.0
patch_002235,1,40.4777,99.02,2019,0.0477
patch_002236,1,22.8465,99.13,2005,0.0775
patch_002237,1,0.9302,99.75,2011,0.0
patch_002238,1,0.0477,90.35,2006,0.0
patch_002239,1,0.1431,93.93,2024,0.0
patch_002240,1,0.0477,95.14,2012,0.0
patch_002241,1,0.2862,93.92,2024,0.0
patch_002242,0,0.0,91.38,0,0.0
patch_002243,0,0.0,90.25,0,0.0
patch_002244,0,0.0,94.05,0,0.0
patch_002245,0,0.0,96.84,0,0.0
patch_002246,0,0.0,92.49,0,0.0
patch_002247,0,0.0,98.85,0,0.0
patch_002248,0,0.0,84.89,0,0.0
patch_002249,1,0.0238,75.75,2016,0.0
patch_002250,0,0.0,68.95,0,0.0
patch_002251,0,0.0,91.71,0,0.0
patch_002252,1,10.5822,87.83,2018,0.0477
patch_002253,1,52.0765,75.9,2002,1.2112
patch_002254,1,47.795,77.6,2016,0.9302
patch_002256,1,56.5434,92.36,2004,0.0597
patch_002257,1,29.9192,81.72,2004,0.3589
patch_002258,1,25.9662,79.09,2018,0.6248
patch_002259,1,3.5542,59.19,2020,0.8256
patch_002260,1,15.6881,51.16,2021,0.4949
patch_002261,1,36.8936,91.37,2021,0.0954
patch_002262,1,42.56,89.95,2016,0.0
patch_002263,1,21.3245,90.37,2016,0.2146
patch_002264,1,19.6358,98.57,2007,0.0
patch_002265,1,55.0184,92.15,2019,0.0716
patch_002266,1,64.4212,96.01,2020,0.4293
patch_002267,1,15.4564,90.33,2020,0.0
patch_002268,0,0.0,69.88,0,0.0
patch_002269,0,0.0,68.58,0,0.0
patch_002270,0,0.0,67.33,0,0.0
patch_002271,0,0.0,56.52,0,0.0
patch_002272,0,0.0,58.99,0,0.0
patch_002273,0,0.0,62.0,0,0.0
patch_002274,0,0.0,50.91,0,0.0
patch_002275,0,0.0,58.93,0,0.0
patch_002276,0,0.0,42.13,0,0.0
patch_002277,1,0.8258,62.8,2016,0.0
patch_002278,0,0.0,56.52,0,0.0
patch_002279,0,0.0,72.07,0,0.0
patch_002280,1,66.675,74.99,2001,0.0716
patch_002281,1,25.7334,93.25,2001,1.0734
patch_002286,1,6.3537,63.31,2012,0.0
patch_002287,1,1.0972,86.12,2020,0.0239
patch_002288,1,0.167,98.25,2006,0.0
patch_002289,1,0.1908,99.05,2024,0.0
patch_002290,0,0.0,99.4,0,0.0
patch_002291,1,0.644,67.86,2007,0.0
patch_002292,1,0.0477,78.4,2013,0.0
patch_002293,1,0.1908,79.97,2021,0.0
patch_002294,0,0.0,99.79,0,0.0
patch_002295,0,0.0,99.81,0,0.0
patch_002297,0,0.0,99.13,0,0.0
patch_002298,0,0.0,98.41,0,0.0
patch_002300,0,0.0,99.84,0,0.0
patch_002301,0,0.0,99.96,0,0.0
patch_002302,0,0.0,99.93,0,0.0
patch_002303,1,0.0477,99.81,2012,0.0
patch_002304,0,0.0,99.71,0,0.0
patch_002305,0,0.0,99.61,0,0.0
patch_002306,0,0.0,99.6,0,0.0
patch_002307,1,0.0239,99.49,2010,0.0
patch_002308,0,0.0,99.54,0,0.0
patch_002309,0,0.0,99.64,0,0.0
patch_002310,0,0.0,99.52,0,0.0
patch_002311,0,0.0,99.51,0,0.0
patch_002312,1,0.0477,99.65,2012,0.0
patch_002313,0,0.0,99.81,0,0.0
patch_002314,0,0.0,99.87,0,0.0
patch_002315,1,0.0716,99.78,2017,0.0
patch_002316,1,1.2642,95.75,2017,0.0
patch_002317,1,3.0534,97.62,2017,0.0
patch_002318,1,9.4756,96.31,2010,0.0
patch_002319,1,2.0866,98.67,2017,0.0954
patch_002320,1,0.5725,99.72,2020,0.0
patch_002321,0,0.0,99.66,0,0.0
patch_002323,1,1.5531,97.88,2020,0.0
patch_002324,1,2.9015,99.26,2020,0.0
patch_002325,1,0.0209,99.55,2003,0.0
patch_002326,0,0.0,99.34,0,0.0
patch_002327,0,0.0,99.22,0,0.0
patch_002328,0,0.0,99.3,0,0.0
patch_002329,0,0.0,99.31,0,0.0
patch_002330,0,0.0,99.64,0,0.0
patch_002331,0,0.0,99.69,0,0.0
patch_002333,0,0.0,99.2,0,0.0
patch_002334,1,0.0239,99.71,2013,0.0
patch_002335,0,0.0,99.81,0,0.0
patch_002336,0,0.0,99.66,0,0.0
patch_002337,0,0.0,95.56,0,0.0
patch_002338,0,0.0,96.74,0,0.0
patch_002339,0,0.0,94.27,0,0.0
patch_002340,0,0.0,95.99,0,0.0
patch_002341,1,0.0239,94.13,2011,0.0
patch_002342,0,0.0,88.71,0,0.0
patch_002343,0,0.0,88.79,0,0.0
patch_002344,0,0.0,85.23,0,0.0
patch_002345,1,0.2624,81.81,2025,0.0
patch_002346,1,19.4656,80.3,2021,0.0
patch_002347,1,38.2766,84.7,2022,0.0239
patch_002348,1,45.606,69.3,2022,0.2385
patch_002349,1,2.5716,93.25,2004,0.0477
patch_002350,1,64.005,92.94,2002,0.1193
patch_002351,1,28.574,90.31,2002,1.0252
patch_002352,1,22.1067,56.45,2004,0.8099
patch_002354,1,20.5486,53.89,2002,0.8826
patch_002355,1,47.7382,86.85,2002,1.455
patch_002356,1,58.8913,72.21,2016,0.3846
patch_002357,1,65.1608,76.4,2001,0.4055
patch_002358,1,42.3334,61.63,2001,0.1193
patch_002359,1,56.2098,83.49,2001,0.0
patch_002360,1,20.3872,83.81,2020,0.0
patch_002361,1,16.8306,56.23,2021,0.0954
patch_002362,1,36.4787,74.63,2020,0.0239
patch_002363,1,29.8683,84.74,2020,0.0716
patch_002364,1,18.0376,83.53,2018,0.0
patch_002365,1,57.7395,68.43,2001,0.1193
patch_002366,1,51.7157,76.34,2017,0.0239
patch_002367,1,41.9116,72.71,2018,0.0239
patch_002368,1,26.915,64.41,2002,0.0716
patch_002369,1,54.3656,93.8,2004,0.0
patch_002370,1,24.3222,68.29,2006,0.4771
patch_002372,1,45.1167,77.73,2016,0.647
patch_002373,1,19.9459,92.62,2019,0.0239
patch_002374,1,36.6728,85.81,2002,0.0692
patch_002375,1,57.8612,88.11,2020,0.1663
patch_002376,1,55.9352,59.3,2002,0.167
patch_002378,1,39.9305,89.76,2006,3.4528
patch_002379,1,3.1784,96.03,2015,0.0945
patch_002380,1,6.4762,66.36,2005,0.0954
patch_002382,1,32.8617,57.71,2011,0.3954
patch_002383,1,11.011,88.81,2008,0.0567
patch_002384,1,35.9258,56.37,2004,0.4308
patch_002385,1,12.2555,75.14,2008,0.0477
patch_002386,1,28.8728,59.49,2003,0.1895
patch_002387,1,26.9763,57.49,2004,0.2697
patch_002388,1,30.9754,72.1,2016,0.167
patch_002390,1,42.326,55.79,2004,0.0
patch_002391,1,45.2421,50.8,2006,0.1431
patch_002392,1,39.0456,78.26,2010,0.0
patch_002393,1,9.5827,81.85,2003,0.0
patch_002394,1,14.5745,94.14,2022,0.1431
patch_002395,1,27.8726,95.71,2016,0.0
patch_002396,1,22.5113,98.24,2016,0.0
patch_002397,1,11.3692,97.74,2003,0.0239
patch_002398,1,9.2189,93.36,2003,0.0
patch_002399,1,0.4771,87.69,2011,0.0
patch_002400,1,0.4771,95.85,2011,0.0
patch_002401,1,6.6148,93.97,2022,0.0
patch_002402,1,19.1236,95.47,2011,0.1431
patch_002403,1,46.6345,95.87,2002,0.2147
patch_002404,1,36.2655,90.35,2002,0.1908
patch_002406,1,54.6299,96.02,2002,0.6202
patch_002407,1,69.423,92.8,2003,0.0
patch_002408,1,38.9537,75.58,2010,0.0
patch_002409,1,23.6943,92.01,2010,0.0
patch_002410,1,84.4675,98.99,2004,0.0
patch_002411,1,63.6601,74.23,2004,0.0
patch_002412,1,88.5631,86.68,2004,0.0
patch_002413,1,45.0894,93.87,2004,0.1431
patch_002414,1,59.5135,94.01,2003,0.0
patch_002415,1,47.9006,77.01,2006,0.0
patch_002416,1,53.9324,58.37,2005,0.0
patch_002418,1,40.3597,54.72,2017,0.1371
patch_002423,1,91.1669,95.5,2003,0.0
patch_002424,1,67.5143,90.85,2002,0.0239
patch_002427,1,7.6129,68.83,2002,0.0
patch_002431,1,17.6989,68.92,2002,0.7663
patch_002432,1,38.1089,78.39,2018,1.4312
patch_002433,1,41.9302,66.91,2004,0.2862
patch_002434,1,47.2157,68.83,2004,0.0477
patch_002435,1,4.2133,97.09,2020,0.0
patch_002436,1,2.7285,98.95,2020,0.0
patch_002437,1,64.2537,93.38,2016,0.1908
patch_002438,1,60.2507,94.84,2020,0.164
patch_002439,1,62.4569,99.25,2025,0.2147
patch_002440,1,40.3377,99.06,2025,0.0954
patch_002441,1,66.2604,98.75,2020,0.0
patch_002442,1,46.0557,92.06,2019,0.164
patch_002443,1,24.836,95.78,2025,0.0626
patch_002444,1,15.0482,94.61,2004,1.9082
patch_002445,1,33.2466,82.37,2004,0.3786
patch_002446,1,18.2678,92.43,2021,0.0954
patch_002447,1,12.101,88.28,2018,0.0239
patch_002448,1,18.204,78.05,2022,0.3996
patch_002449,1,15.5097,68.87,2021,0.4532
patch_002450,1,15.1216,86.71,2004,0.1431
patch_002451,1,18.8072,97.58,2004,0.0
patch_002452,1,24.1996,99.49,2004,0.0
patch_002453,1,14.4604,97.41,2004,0.3578
patch_002454,1,7.5527,98.23,2003,3.0739
patch_002455,1,10.2521,99.78,2016,0.0
patch_002456,1,17.8486,99.85,2016,0.0
patch_002457,1,13.4854,78.36,2020,5.3812
patch_002459,1,23.381,99.47,2016,0.0
patch_002460,1,5.5352,99.07,2018,0.0
patch_002461,1,8.8417,99.73,2017,0.0
patch_002462,1,15.7352,99.61,2020,0.0
patch_002463,1,0.0477,97.96,2006,0.0
patch_002464,0,0.0,99.93,0,0.0
patch_002465,0,0.0,99.92,0,0.0
patch_002466,0,0.0,93.0,0,0.0
patch_002467,0,0.0,66.59,0,0.0
patch_002468,1,0.0954,85.14,2012,0.0
patch_002469,0,0.0,92.06,0,0.0
patch_002470,0,0.0,93.72,0,0.0
patch_002472,0,0.0,87.03,0,0.0
patch_002473,0,0.0,91.57,0,0.0
patch_002474,0,0.0,86.57,0,0.0
patch_002475,1,0.0477,96.56,2014,0.0
patch_002476,1,0.1193,90.18,2014,0.0
patch_002477,0,0.0,93.29,0,0.0
patch_002478,0,0.0,96.47,0,0.0
patch_002479,0,0.0,98.19,0,0.0
patch_002480,1,0.0239,97.16,2002,0.0
patch_002481,1,0.3787,95.77,2002,0.1014
patch_002482,1,12.2439,95.33,2015,0.7394
patch_002483,1,20.1913,70.28,2025,1.8575
patch_002484,1,33.0756,83.65,2019,1.7621
patch_002485,1,36.2521,76.05,2019,0.0736
patch_002486,1,23.9315,69.79,2023,8.7473
patch_002487,1,12.8247,66.9,2002,2.4783
patch_002488,1,24.5407,71.34,2022,2.8425
patch_002489,1,13.2193,85.14,2004,1.9509
patch_002490,1,39.6457,90.43,2004,1.5313
patch_002491,1,27.0117,94.33,2023,0.0
patch_002492,1,66.6997,96.09,2023,0.0239
patch_002493,1,74.454,97.37,2019,0.1908
patch_002494,1,62.7754,98.08,2024,0.0477
patch_002495,1,13.876,98.27,2006,0.2385
patch_002496,0,0.0,96.28,0,0.0
patch_002497,1,0.1193,95.06,2024,0.0
patch_002498,0,0.0,94.95,0,0.0
patch_002499,0,0.0,85.56,0,0.0
patch_002500,0,0.0,91.6,0,0.0
patch_002501,0,0.0,94.23,0,0.0
patch_002502,0,0.0,70.54,0,0.0
patch_002503,0,0.0,77.22,0,0.0
patch_002504,1,11.6016,58.83,2016,0.0
patch_002505,1,5.2185,67.14,2016,0.0
patch_002506,0,0.0,93.22,0,0.0
patch_002507,0,0.0,97.78,0,0.0
patch_002508,1,87.8696,90.95,2001,0.0
patch_002509,1,48.8142,61.4,2001,0.0
patch_002514,1,2.4421,46.72,2007,0.0
patch_002516,1,6.8434,94.69,2023,0.0239
patch_002517,1,1.8368,96.49,2023,0.0
patch_002518,1,0.0239,99.05,2017,0.0286
patch_002521,1,7.6326,80.81,2021,0.0
patch_002522,1,1.0138,95.4,2023,0.0239
patch_002523,1,0.0239,99.8,2012,0.0
patch_002524,0,0.0,99.71,0,0.0
patch_002525,0,0.0,99.68,0,0.0
patch_002526,0,0.0,99.59,0,0.0
patch_002528,0,0.0,99.85,0,0.0
patch_002529,0,0.0,99.9,0,0.0
patch_002530,0,0.0,99.74,0,0.0
patch_002531,0,0.0,99.61,0,0.0
patch_002532,0,0.0,99.48,0,0.0
patch_002533,1,0.0239,99.45,2010,0.0
patch_002534,0,0.0,99.44,0,0.0
patch_002535,0,0.0,99.29,0,0.0
patch_002536,0,0.0,99.38,0,0.0
patch_002537,1,0.0477,99.51,2017,0.0
patch_002538,0,0.0,99.55,0,0.0
patch_002539,0,0.0,99.63,0,0.0
patch_002540,1,0.0477,99.55,2017,0.0
patch_002541,0,0.0,99.56,0,0.0
patch_002542,0,0.0,99.65,0,0.0
patch_002543,0,0.0,99.75,0,0.0
patch_002544,1,0.0477,99.74,2013,0.0
patch_002545,1,0.0239,99.85,2002,0.0
patch_002546,0,0.0,99.91,0,0.0
patch_002547,0,0.0,99.86,0,0.0
patch_002548,0,0.0,99.58,0,0.0
patch_002549,0,0.0,99.55,0,0.0
patch_002550,0,0.0,99.61,0,0.0
patch_002551,0,0.0,99.36,0,0.0
patch_002552,1,0.0477,98.55,2017,0.0
patch_002553,1,0.9333,98.42,2020,0.0
patch_002554,1,0.1908,99.71,2020,0.0
patch_002555,0,0.0,99.55,0,0.0
patch_002556,0,0.0,99.63,0,0.0
patch_002557,0,0.0,99.31,0,0.0
patch_002558,0,0.0,99.27,0,0.0
patch_002559,0,0.0,99.36,0,0.0
patch_002560,0,0.0,99.44,0,0.0
patch_002561,0,0.0,99.49,0,0.0
patch_002562,0,0.0,99.41,0,0.0
patch_002563,0,0.0,99.56,0,0.0
patch_002564,0,0.0,98.98,0,0.0
patch_002565,1,0.0716,98.25,2021,0.0
patch_002566,0,0.0,99.0,0,0.0
patch_002567,1,0.0239,98.1,2002,0.0
patch_002568,0,0.0,96.06,0,0.0
patch_002569,0,0.0,79.02,0,0.0
patch_002570,0,0.0,75.0,0,0.0
patch_002571,0,0.0,80.66,0,0.0
patch_002572,1,0.8259,72.9,2024,0.0
patch_002573,1,1.8368,67.26,2024,0.0
patch_002574,1,12.3559,63.46,2021,0.0
patch_002575,1,38.5922,74.81,2021,0.0
patch_002576,1,70.3134,77.94,2022,1.1599
patch_002577,1,3.0175,82.55,2024,0.0
patch_002578,1,25.2154,87.38,2003,0.0716
patch_002579,1,3.9065,80.55,2010,0.0254
patch_002580,1,24.2485,65.82,2022,0.219
patch_002582,1,37.5487,58.59,2002,0.4535
patch_002583,1,45.5501,91.5,2002,0.1193
patch_002584,1,56.3952,75.48,2016,1.2404
patch_002585,1,64.9983,84.23,2017,0.4532
patch_002586,1,63.6056,80.09,2004,0.5009
patch_002587,1,55.9403,67.06,2002,0.0477
patch_002588,1,27.788,75.24,2002,0.1908
patch_002589,1,24.0735,51.66,2016,0.0954
patch_002590,1,35.7585,72.85,2017,0.0477
patch_002591,1,49.4079,85.63,2020,0.0239
patch_002592,1,46.017,77.57,2021,0.0
patch_002594,1,24.8507,72.29,2018,0.2385
patch_002595,1,31.1792,69.46,2021,0.6441
patch_002597,1,83.5999,80.7,2018,0.0
patch_002599,1,23.9552,79.64,2016,0.0325
patch_002600,1,28.5539,80.51,2002,0.0716
patch_002601,1,35.8475,85.11,2003,0.0
patch_002603,1,34.6404,81.27,2002,1.2971
patch_002606,1,81.1447,89.65,2002,1.3186
patch_002607,1,54.697,75.84,2002,0.0804
patch_002610,1,15.4186,89.38,2014,0.0239
patch_002611,1,21.0887,74.55,2001,0.1223
patch_002612,1,30.1372,58.53,2002,0.2387
patch_002613,1,0.4085,98.24,2018,0.0
patch_002614,1,0.0239,96.93,2003,0.0
patch_002615,1,49.369,95.03,2004,0.0239
patch_002616,1,24.2724,69.02,2004,0.2147
patch_002617,1,36.7817,65.45,2021,0.0
patch_002618,1,43.92,62.71,2002,0.1193
patch_002619,1,30.1844,52.65,2002,0.0
patch_002620,1,34.6097,65.32,2005,0.1065
patch_002621,1,58.596,79.08,2004,0.3766
patch_002622,1,81.8904,96.75,2005,0.0
patch_002623,1,76.4241,83.12,2016,0.4055
patch_002624,1,58.8561,74.28,2016,0.0239
patch_002625,1,66.166,94.09,2003,0.0239
patch_002626,1,58.5838,92.71,2002,0.0239
patch_002627,1,10.551,91.79,2002,0.0716
patch_002628,1,0.0239,96.93,2007,0.0
patch_002629,1,16.6883,96.11,2005,0.0
patch_002630,1,64.8749,96.01,2010,0.0
patch_002631,1,26.2585,97.29,2011,0.0
patch_002632,1,6.9821,96.98,2006,0.3102
patch_002633,1,24.9035,96.11,2003,0.3459
patch_002634,1,41.9273,88.95,2003,0.2024
patch_002635,1,31.7859,95.33,2003,0.2147
patch_002636,1,72.1803,68.91,2017,0.0
patch_002637,1,33.9167,93.85,2010,0.0607
patch_002638,1,0.1627,99.27,2002,0.0226
patch_002639,1,26.515,80.04,2013,0.0
patch_002640,1,39.6168,64.19,2010,0.5433
patch_002641,1,35.8459,62.0,2002,0.4602
patch_002642,1,38.8505,72.47,2003,1.3359
patch_002652,1,24.3989,95.89,2015,0.0
patch_002656,1,12.7986,59.28,2004,0.2385
patch_002663,1,61.3453,91.91,2016,0.0
patch_002664,1,39.3604,83.67,2016,0.0477
patch_002665,1,8.7903,72.16,2016,0.948
patch_002666,1,9.6621,82.42,2024,1.0704
patch_002667,1,47.4902,98.77,2003,0.0
patch_002668,1,56.3645,98.25,2020,0.2087
patch_002669,1,43.089,98.32,2019,0.0954
patch_002670,1,69.2924,93.27,2017,3.1756
patch_002671,1,10.8732,93.89,2020,1.7358
patch_002672,1,11.3812,99.11,2004,0.2744
patch_002673,1,26.2242,99.35,2004,2.0212
patch_002674,1,71.5597,89.57,2016,0.0
patch_002675,1,46.4304,97.11,2016,0.1193
patch_002676,1,21.0951,85.42,2022,0.0
patch_002678,1,20.3699,83.96,2005,0.5128
patch_002679,1,37.1881,98.09,2018,0.0
patch_002680,1,94.7669,99.02,2004,0.0
patch_002681,1,45.032,94.94,2004,1.13
patch_002682,1,18.27,95.7,2003,5.6359
patch_002683,1,39.3082,85.67,2017,4.1268
patch_002684,1,16.2921,62.87,2020,1.6459
patch_002686,1,23.6265,79.19,2025,3.7482
patch_002687,1,29.8701,99.54,2017,0.0
patch_002688,1,8.5748,99.79,2017,0.0
patch_002689,1,15.1915,99.79,2016,0.0
patch_002690,1,17.1376,99.74,2016,0.1908
patch_002691,0,0.0,99.88,0,0.0
patch_002692,1,0.0239,99.88,2012,0.0
patch_002693,1,0.0239,99.6,2004,0.0
patch_002694,0,0.0,98.88,0,0.0
patch_002695,0,0.0,93.28,0,0.0
patch_002696,0,0.0,97.04,0,0.0
patch_002697,1,0.2147,93.5,2012,0.0
patch_002698,1,0.0239,92.2,2012,0.0
patch_002700,1,0.7156,91.17,2024,0.0
patch_002701,0,0.0,78.51,0,0.0
patch_002702,1,0.0239,86.4,2002,0.0
patch_002703,0,0.0,96.61,0,0.0
patch_002704,0,0.0,95.4,0,0.0
patch_002705,0,0.0,94.92,0,0.0
patch_002706,0,0.0,96.55,0,0.0
patch_002707,0,0.0,94.77,0,0.0
patch_002708,0,0.0,83.29,0,0.0
patch_002709,0,0.0,91.63,0,0.0
patch_002710,0,0.0,98.31,0,0.0
patch_002711,1,24.9415,85.07,2004,1.1957
patch_002712,1,30.9804,68.72,2020,2.651
patch_002713,1,32.957,73.39,2010,0.0686
patch_002714,1,28.5131,67.8,2020,0.6649
patch_002715,1,83.6608,96.04,2011,0.0
patch_002716,1,30.5069,93.07,2017,0.0239
patch_002717,1,20.9962,91.24,2017,0.0954
patch_002718,1,29.7573,92.44,2004,0.9376
patch_002719,1,64.6311,91.86,2024,0.3325
patch_002720,1,96.553,94.71,2022,0.1193
patch_002721,1,94.2769,95.89,2023,0.0
patch_002722,1,59.8938,93.5,2024,0.0
patch_002723,1,3.5999,88.68,2024,0.0
patch_002724,0,0.0,83.94,0,0.0
patch_002725,0,0.0,95.06,0,0.0
patch_002726,1,0.1193,84.4,2024,0.0
patch_002727,0,0.0,89.11,0,0.0
patch_002728,0,0.0,89.66,0,0.0
patch_002729,0,0.0,73.91,0,0.0
patch_002730,0,0.0,88.14,0,0.0
patch_002731,0,0.0,77.85,0,0.0
patch_002732,1,0.0268,82.26,2016,0.0
patch_002733,1,0.1938,86.01,2016,0.0
patch_002734,0,0.0,94.67,0,0.0
patch_002735,0,0.0,98.07,0,0.0
patch_002740,1,36.4012,73.08,2025,5.595
patch_002741,1,60.4906,69.54,2016,6.5453
patch_002742,1,46.6292,79.11,2001,2.0659
patch_002743,1,8.572,64.54,2024,0.668
patch_002745,1,1.1689,71.88,2020,0.0
patch_002746,1,0.1909,58.46,2021,0.2863
patch_002748,1,3.7602,66.36,2007,0.4345
patch_002749,1,6.1653,58.38,2006,0.5075
patch_002750,1,2.0527,65.03,2023,0.0
patch_002751,1,0.182,99.81,2017,0.0
patch_002752,0,0.0,98.84,0,0.0
patch_002753,1,0.0239,99.35,2013,0.0
patch_002754,0,0.0,99.44,0,0.0
patch_002755,0,0.0,99.73,0,0.0
patch_002756,0,0.0,99.61,0,0.0
patch_002757,0,0.0,99.76,0,0.0
patch_002758,0,0.0,99.81,0,0.0
patch_002759,0,0.0,99.3,0,0.0
patch_002760,0,0.0,99.51,0,0.0
patch_002761,0,0.0,99.52,0,0.0
patch_002762,1,0.1193,99.64,2017,0.0
patch_002763,0,0.0,99.66,0,0.0
patch_002764,0,0.0,99.61,0,0.0
patch_002765,0,0.0,99.16,0,0.0
patch_002766,0,0.0,99.14,0,0.0
patch_002767,0,0.0,99.76,0,0.0
patch_002768,0,0.0,99.78,0,0.0
patch_002769,0,0.0,99.74,0,0.0
patch_002770,0,0.0,99.79,0,0.0
patch_002771,0,0.0,99.59,0,0.0
patch_002772,0,0.0,99.48,0,0.0
patch_002773,1,0.0716,99.66,2018,0.0477
patch_002774,0,0.0,99.68,0,0.0
patch_002775,0,0.0,99.49,0,0.0
patch_002776,0,0.0,99.54,0,0.0
patch_002777,0,0.0,99.56,0,0.0
patch_002778,0,0.0,99.53,0,0.0
patch_002779,0,0.0,99.55,0,0.0
patch_002780,0,0.0,99.77,0,0.0
patch_002781,1,0.8111,98.33,2017,0.0
patch_002782,1,0.334,98.41,2020,0.0
patch_002783,1,0.0239,99.58,2014,0.0
patch_002784,0,0.0,99.69,0,0.0
patch_002786,0,0.0,99.26,0,0.0
patch_002787,1,0.0239,99.47,2006,0.0
patch_002788,1,0.334,99.33,2020,0.0
patch_002789,0,0.0,99.48,0,0.0
patch_002790,0,0.0,98.57,0,0.0
patch_002791,0,0.0,97.57,0,0.0
patch_002792,0,0.0,98.99,0,0.0
patch_002793,0,0.0,99.4,0,0.0
patch_002794,1,0.3459,99.31,2021,0.1312
patch_002795,0,0.0,95.59,0,0.0
patch_002796,0,0.0,91.94,0,0.0
patch_002797,0,0.0,89.13,0,0.0
patch_002798,0,0.0,78.78,0,0.0477
patch_002799,1,0.3349,82.49,2024,0.0
patch_002800,1,13.2267,75.18,2024,0.0
patch_002801,1,4.645,71.58,2024,0.0
patch_002802,1,24.7036,79.44,2024,0.0
patch_002803,1,66.1124,71.28,2020,0.6971
patch_002804,1,48.2401,69.1,2021,2.8048
patch_002805,1,24.2586,78.78,2006,0.0371
patch_002806,1,32.3934,85.11,2005,0.0164
patch_002807,1,13.6994,77.23,2020,1.0306
patch_002808,1,41.1336,78.83,2020,0.6961
patch_002809,1,4.6381,91.81,2021,0.0
patch_002810,1,9.11,87.98,2014,0.7813
patch_002811,1,43.2837,89.74,2016,0.0477
patch_002812,1,60.7629,82.26,2004,0.167
patch_002813,1,59.6156,69.44,2004,0.5725
patch_002814,1,72.6896,93.07,2004,0.1908
patch_002815,1,41.4469,66.53,2002,0.2386
patch_002816,1,34.9465,81.27,2008,0.1193
patch_002817,1,22.3374,46.86,2001,0.0477
patch_002819,1,30.6401,63.77,2013,0.331
patch_002820,1,22.7493,60.89,2014,0.0477
patch_002821,1,38.1669,81.25,2006,0.0954
patch_002822,1,33.7269,66.26,2020,0.2624
patch_002823,1,40.5545,76.27,2013,0.5248
patch_002825,1,50.725,63.44,2017,0.3579
patch_002828,1,35.9898,72.78,2025,0.6202
patch_002829,1,17.6381,80.69,2002,0.0239
patch_002832,1,67.3186,77.88,2003,0.1909
patch_002834,1,45.7069,62.42,2001,1.4769
patch_002835,1,49.2867,77.94,2004,1.1768
patch_002838,1,33.4231,71.67,2006,0.167
patch_002840,1,44.816,57.22,2002,0.0954
patch_002841,1,12.5769,61.37,2001,0.3578
patch_002842,1,49.3964,93.53,2002,0.2147
patch_002843,1,52.2681,95.49,2004,0.3101
patch_002844,1,12.6184,93.24,2004,0.0
patch_002845,1,42.3353,92.68,2016,0.0
patch_002846,1,68.1245,81.57,2005,0.0239
patch_002847,1,42.0892,72.57,2019,0.3817
patch_002848,1,35.0008,77.3,2005,0.0716
patch_002849,1,56.9845,77.32,2004,0.2147
patch_002850,1,71.4877,84.51,2004,0.501
patch_002853,1,88.0589,89.63,2006,0.0
patch_002854,1,89.3993,98.3,2002,0.0
patch_002855,1,74.5621,89.42,2002,0.0
patch_002856,1,15.4401,79.42,2002,0.0
patch_002857,1,1.3833,92.9,2005,0.0477
patch_002858,1,36.2726,98.37,2010,0.0
patch_002859,1,15.3039,68.81,2005,0.5636
patch_002860,1,11.6098,87.71,2003,0.6704
patch_002863,1,40.9478,98.11,2002,0.668
patch_002864,1,66.6297,85.2,2017,0.0
patch_002865,1,48.1778,92.16,2010,0.09
patch_002866,1,1.2122,98.45,2015,0.2749
patch_002867,1,26.3285,59.7,2013,0.3101
patch_002868,1,55.857,77.94,2002,0.5666
patch_002870,1,30.6885,63.89,2010,0.0239
patch_002872,1,41.2393,64.58,2014,0.0
patch_002880,1,39.5588,97.3,2003,0.0
patch_002881,1,44.4082,98.24,2003,0.0
patch_002883,1,15.5396,56.46,2011,0.0
patch_002885,1,27.5632,62.56,2004,0.0477
patch_002886,1,18.4381,67.73,2004,0.0477
patch_002887,1,19.7889,60.17,2010,0.0
patch_002889,1,31.6942,59.27,2006,0.0
patch_002890,1,45.9614,66.81,2004,0.0716
patch_002892,1,26.2748,61.51,2007,0.0954
patch_002893,1,3.8563,70.06,2014,2.1192
patch_002894,1,9.7894,79.81,2024,4.4157
patch_002895,1,32.8822,99.4,2018,0.0
patch_002896,1,32.7712,98.35,2019,0.4592
patch_002897,1,50.1694,97.69,2014,0.6203
patch_002898,1,67.625,91.65,2023,0.0
patch_002899,1,30.4431,90.44,2020,1.5268
patch_002900,1,12.8328,96.78,2017,0.0477
patch_002901,1,28.2443,97.47,2015,1.1665
patch_002903,1,13.805,99.47,2016,0.0716
patch_002904,1,1.4462,99.93,2018,0.0
patch_002905,1,19.8041,81.56,2018,1.1692
patch_002906,1,38.8552,84.97,2023,6.1276
patch_002907,1,30.7201,97.35,2017,0.7947
patch_002908,1,88.5938,98.72,2008,0.0477
patch_002909,1,43.8477,94.52,2011,0.7545
patch_002910,1,14.7477,99.15,2003,2.1621
patch_002911,1,34.0417,99.25,2020,0.0239
patch_002912,1,51.9134,99.84,2019,0.0
patch_002913,1,29.3043,99.8,2019,0.0
patch_002914,1,8.303,99.26,2017,0.0
patch_002915,1,61.7889,95.77,2021,0.0
patch_002916,1,32.3743,98.41,2019,0.0
patch_002917,1,39.1708,99.88,2018,0.0
patch_002918,1,33.5372,99.4,2005,0.0239
patch_002919,0,0.0,99.97,0,0.0
patch_002920,1,0.6134,98.04,2024,0.0
patch_002921,1,0.0602,99.88,2008,0.0
patch_002922,0,0.0,99.78,0,0.0
patch_002923,1,0.5487,98.98,2024,0.0
patch_002924,1,0.0239,88.17,2008,0.0
patch_002925,0,0.0,94.96,0,0.0
patch_002926,0,0.0,94.79,0,0.0
patch_002928,0,0.0,97.12,0,0.0
patch_002929,0,0.0,79.63,0,0.0
patch_002930,0,0.0,83.83,0,0.0
patch_002931,0,0.0,94.84,0,0.0
patch_002932,1,0.167,96.91,2017,0.0
patch_002933,1,0.0003,90.78,2010,0.0
patch_002934,1,0.0954,82.48,2010,0.0
patch_002935,0,0.0,89.36,0,0.0
patch_002936,0,0.0,86.63,0,0.0
patch_002937,0,0.0,76.33,0,0.0
patch_002938,0,0.0,97.79,0,0.0
patch_002939,1,13.7532,86.07,2022,0.0954
patch_002942,1,20.7708,66.52,2002,3.3875
patch_002943,1,59.5166,91.47,2004,0.167
patch_002944,1,54.8707,96.09,2016,0.0
patch_002945,1,48.6579,82.2,2024,1.5797
patch_002946,1,48.9328,88.53,2019,2.2219
patch_002947,1,91.663,89.47,2023,0.0954
patch_002948,1,88.2466,94.8,2022,0.0
patch_002949,1,78.3532,86.26,2023,0.9363
patch_002950,1,10.0216,88.57,2023,0.167
patch_002951,1,13.9931,75.19,2024,0.0
patch_002952,1,4.0324,83.4,2024,0.0
patch_002953,0,0.0,86.51,0,0.0
patch_002954,0,0.0,81.7,0,0.0
patch_002955,0,0.0,80.45,0,0.0
patch_002956,0,0.0,70.32,0,0.0
patch_002957,0,0.0,59.18,0,0.0
patch_002958,0,0.0,57.49,0,0.0
patch_002959,0,0.0,58.14,0,0.0
patch_002960,0,0.0,60.17,0,0.0
patch_002962,0,0.0,77.75,0,0.0
patch_002963,0,0.0,95.32,0,0.0
patch_002966,1,59.3558,59.17,2002,0.0477
patch_002967,1,34.4891,65.36,2002,0.5487
patch_002968,1,59.6176,72.27,2003,1.8796
patch_002970,1,52.0079,59.71,2002,3.6642
patch_002973,1,1.4001,76.07,2020,0.0
patch_002974,1,7.2179,87.73,2021,0.6919
patch_002975,1,24.9567,66.28,2002,2.8809
patch_002978,1,9.7193,76.28,2012,0.0
patch_002979,1,0.2386,95.16,2002,0.0
patch_002980,1,0.0772,98.46,2014,0.0
patch_002981,1,0.0745,99.12,2014,0.0239
patch_002982,0,0.0,99.76,0,0.0
patch_002983,1,0.0239,99.8,2017,0.0
patch_002984,0,0.0,98.83,0,0.0
patch_002986,1,0.0477,98.94,2014,0.0
patch_002987,0,0.0,99.66,0,0.0
patch_002988,0,0.0,99.65,0,0.0
patch_002989,1,0.0239,99.72,2006,0.0
patch_002990,0,0.0,99.72,0,0.0
patch_002991,0,0.0,99.61,0,0.0
patch_002992,0,0.0,99.3,0,0.0
patch_002993,1,0.0477,99.32,2013,0.0
patch_002994,0,0.0,98.99,0,0.0
patch_002995,0,0.0,97.83,0,0.0
patch_002996,0,0.0,99.29,0,0.0
patch_002997,1,0.0239,99.84,2012,0.0
patch_002998,0,0.0,99.74,0,0.0
patch_002999,0,0.0,99.58,0,0.0
patch_003000,0,0.0,99.68,0,0.0
patch_003001,1,0.0239,99.61,2012,0.0
patch_003002,0,0.0,99.7,0,0.0
patch_003003,0,0.0,99.61,0,0.0
patch_003004,0,0.0,99.53,0,0.0
patch_003005,0,0.0,99.44,0,0.0
patch_003006,0,0.0,99.49,0,0.0
patch_003007,1,0.0954,99.41,2007,0.0
patch_003008,0,0.0,99.3,0,0.0
patch_003009,0,0.0,99.66,0,0.0
patch_003011,1,0.0924,98.9,2017,0.0
patch_003012,0,0.0,99.43,0,0.0
patch_003013,0,0.0,99.8,0,0.0
patch_003014,0,0.0,99.73,0,0.0
patch_003015,0,0.0,99.33,0,0.0
patch_003016,0,0.0,99.31,0,0.0
patch_003017,0,0.0,99.5,0,0.0
patch_003018,0,0.0,99.23,0,0.0
patch_003019,0,0.0,98.87,0,0.0
patch_003020,0,0.0,99.38,0,0.0
patch_003021,0,0.0,98.67,0,0.0
patch_003022,1,0.513,98.25,2005,0.012
patch_003023,1,0.0733,91.3,2024,0.0
patch_003024,1,37.1854,86.59,2022,0.0
patch_003025,1,11.6528,81.4,2021,0.0
patch_003026,1,40.36,79.11,2020,0.0716
patch_003027,1,46.4612,72.65,2019,0.0477
patch_003028,1,25.5381,71.34,2024,0.0716
patch_003029,1,8.5661,86.74,2024,0.0
patch_003030,1,11.3831,81.67,2024,0.0
patch_003031,1,51.9874,80.61,2021,0.0
patch_003032,1,22.3202,80.48,2020,0.0
patch_003033,1,32.3354,91.53,2010,0.0477
patch_003034,1,4.0188,92.8,2010,0.0
patch_003035,1,2.2455,93.04,2020,0.0015
patch_003036,1,45.6548,93.75,2018,0.0716
patch_003037,1,64.1825,92.49,2016,0.5758
patch_003038,1,21.617,90.45,2017,0.849
patch_003039,1,38.805,93.27,2016,0.0477
patch_003040,1,60.269,74.98,2021,0.0
patch_003041,1,69.9793,79.54,2005,0.2624
patch_003042,1,71.1223,89.3,2021,0.9513
patch_003043,1,49.0949,82.05,2021,0.0239
patch_003044,1,46.4806,70.89,2017,0.2624
patch_003046,1,33.7295,88.06,2017,4.7744
patch_003047,1,27.1211,76.39,2016,1.1482
patch_003048,1,31.5979,53.39,2003,0.167
patch_003049,1,39.4367,71.84,2019,0.0477
patch_003050,1,37.5715,59.68,2016,0.1193
patch_003051,1,35.2497,56.16,2008,0.6441
patch_003052,1,12.6067,57.59,2016,0.173
patch_003053,1,49.6681,64.2,2001,0.4533
patch_003055,1,31.4663,76.77,2004,0.0
patch_003056,1,21.8359,79.43,2025,0.0
patch_003057,1,33.5414,81.95,2004,0.0477
patch_003058,1,32.2924,52.31,2004,1.002
patch_003060,1,66.0238,75.72,2003,2.004
patch_003062,1,41.2551,54.96,2016,3.9491
patch_003063,1,26.0022,55.98,2001,3.2166
patch_003064,1,49.3101,67.41,2002,0.1909
patch_003066,1,14.641,71.26,2017,0.4772
patch_003067,1,19.2606,76.98,2016,0.2624
patch_003069,1,36.4111,48.93,2004,1.5269
patch_003070,1,63.909,83.97,2002,0.6919
patch_003071,1,62.6912,74.16,2002,0.0716
patch_003072,1,26.3285,68.78,2002,0.0477
patch_003073,1,48.8965,63.23,2004,0.0716
patch_003074,1,53.626,62.31,2004,0.0239
patch_003075,1,29.8169,71.99,2022,0.0
patch_003076,1,55.6878,95.03,2004,0.1193
patch_003079,1,55.7349,56.6,2004,0.2863
patch_003080,1,60.5714,65.6,2002,0.0
patch_003081,1,52.3294,86.07,2007,0.0
patch_003083,1,27.7297,91.83,2007,0.0
patch_003084,1,31.5796,90.19,2009,0.0954
patch_003085,1,26.5882,93.92,2005,0.0477
patch_003086,1,41.7154,96.86,2004,0.0954
patch_003087,1,42.9638,87.06,2002,0.5427
patch_003088,1,22.2716,81.6,2002,0.9156
patch_003091,1,45.8584,91.23,2002,0.0239
patch_003092,1,11.9794,75.12,2002,0.0239
patch_003093,1,3.3932,83.2,2011,0.0
patch_003094,1,18.7267,91.46,2004,4.2971
patch_003096,1,30.4792,61.24,2002,0.1909
patch_003097,1,51.1949,63.9,2004,0.0716
patch_003106,1,27.1632,71.7,2012,0.0477
patch_003107,1,60.6483,94.0,2012,0.0
patch_003108,1,61.068,92.46,2006,0.2386
patch_003109,1,36.5946,72.57,2003,0.0
patch_003112,1,28.9773,63.56,2004,0.3579
patch_003113,1,19.7079,58.09,2006,0.0716
patch_003115,1,12.0059,59.62,2010,0.0
patch_003116,1,7.3925,81.73,2002,4.3956
patch_003117,1,22.0738,75.26,2017,1.4077
patch_003118,1,53.5256,74.38,2018,0.2386
patch_003119,1,23.8192,94.57,2017,0.0239
patch_003120,1,25.1088,67.84,2017,0.4503
patch_003121,1,38.2585,87.02,2019,1.4108
patch_003122,1,54.0569,74.25,2019,10.6322
patch_003123,1,39.5729,91.49,2017,0.4172
patch_003124,1,51.8094,94.72,2016,0.3102
patch_003125,1,51.7101,89.21,2016,0.668
patch_003126,1,60.4132,84.52,2018,0.7158
patch_003127,1,4.8144,96.45,2016,0.0239
patch_003128,1,0.501,98.12,2021,0.167
patch_003129,1,28.1789,82.92,2016,2.1173
patch_003130,1,26.4232,48.6,2015,0.0385
patch_003131,1,26.5018,96.73,2014,1.2398
patch_003132,1,28.545,99.92,2011,0.0
patch_003133,1,59.5923,89.24,2016,0.0507
patch_003134,1,49.6827,88.23,2022,1.0766
patch_003135,1,12.1482,92.62,2011,0.2863
patch_003136,1,32.3853,98.62,2004,0.1909
patch_003137,1,26.1769,87.1,2008,0.6083
patch_003138,1,12.544,84.9,2017,0.0954
patch_003139,1,47.9117,99.81,2019,0.0239
patch_003140,1,86.1756,99.82,2019,0.0
patch_003141,1,73.8475,99.8,2018,0.0
patch_003142,1,55.7563,99.45,2017,0.0
patch_003143,1,44.8812,99.71,2018,0.0
patch_003144,1,45.0359,98.3,2018,0.0
patch_003145,1,81.3709,99.92,2004,0.0239
patch_003146,1,5.0116,99.92,2004,0.0
patch_003147,0,0.0,100.0,0,0.0
patch_003148,1,0.0716,99.81,2012,0.0
patch_003149,0,0.0,99.49,0,0.0
patch_003150,0,0.0,99.18,0,0.0
patch_003151,1,0.0716,99.09,2012,0.0
patch_003152,1,7.703,98.92,2009,0.0
patch_003153,1,3.8018,94.92,2009,0.0
patch_003154,0,0.0,96.84,0,0.0
patch_003155,0,0.0,95.9,0,0.0
patch_003156,0,0.0,95.41,0,0.0239
patch_003157,1,0.0239,61.42,2002,0.0
patch_003158,1,0.0239,73.29,2004,0.0
patch_003159,0,0.0,87.05,0,0.0
patch_003160,0,0.0,80.37,0,0.0
patch_003161,0,0.0,80.4,0,0.0
patch_003162,0,0.0,84.11,0,0.0
patch_003163,1,0.0239,90.43,2010,0.0
patch_003164,0,0.0,80.72,0,0.0
patch_003165,1,0.0239,70.63,2009,0.0
patch_003166,0,0.0,75.85,0,0.0
patch_003167,0,0.0,78.75,0,0.0
patch_003168,0,0.0,92.69,0,0.0
patch_003170,1,52.3983,81.57,2002,0.4563
patch_003171,1,13.7874,50.71,2018,0.3817
patch_003172,1,29.8641,76.27,2024,0.0
patch_003173,1,56.7958,78.41,2020,3.6122
patch_003174,1,81.0426,79.39,2016,3.8814
patch_003175,1,58.8478,84.28,2024,0.6203
patch_003176,1,44.0113,83.53,2024,0.2147
patch_003177,1,74.5467,92.58,2001,0.3997
patch_003178,1,83.0333,82.51,2023,0.0
patch_003179,1,67.7416,77.91,2024,0.0
patch_003180,1,1.5309,88.67,2024,0.0
patch_003181,0,0.0,89.28,0,0.0
patch_003182,0,0.0,98.24,0,0.0
patch_003183,0,0.0,98.76,0,0.0
patch_003184,0,0.0,96.06,0,0.0
patch_003185,0,0.0,86.83,0,0.0
patch_003186,1,0.0954,58.44,2012,0.0
patch_003187,0,0.0,51.67,0,0.0
patch_003188,0,0.0,54.01,0,0.0
patch_003189,0,0.0,50.86,0,0.0
patch_003190,1,0.0477,52.08,2010,0.0
patch_003191,0,0.0,72.37,0,0.0
patch_003193,1,51.3974,88.37,2001,0.6919
patch_003194,1,69.1256,86.61,2003,1.4475
patch_003195,1,39.3604,66.41,2022,0.3261
patch_003196,1,40.667,96.95,2001,0.0
patch_003197,1,68.0116,78.36,2002,1.694
patch_003199,1,81.1604,94.54,2002,4.4582
patch_003200,1,6.584,78.3,2013,2.0555
patch_003201,1,1.9168,79.0,2020,0.0
patch_003203,1,27.6082,82.16,2002,0.9329
patch_003204,1,78.4744,87.43,2002,3.2422
patch_003205,1,82.1066,97.96,2002,0.4677
patch_003206,1,24.4465,91.0,2003,2.8602
patch_003207,1,1.3003,85.08,2020,0.0
patch_003208,1,0.0716,99.14,2012,0.0239
patch_003209,0,0.0,99.61,0,0.0
patch_003210,0,0.0,99.9,0,0.0
patch_003211,0,0.0,99.87,0,0.0
patch_003212,0,0.0,99.56,0,0.0
patch_003213,1,0.2117,98.18,2014,0.0
patch_003214,1,0.4295,89.26,2014,0.0
patch_003215,0,0.0,99.43,0,0.0
patch_003216,0,0.0,99.64,0,0.0
patch_003217,0,0.0,99.74,0,0.0
patch_003218,1,0.6681,99.78,2012,0.0
patch_003219,0,0.0,99.68,0,0.0
patch_003220,0,0.0,99.38,0,0.0
patch_003221,0,0.0,99.5,0,0.0
patch_003222,1,0.2624,99.71,2017,0.0
patch_003223,0,0.0,99.7,0,0.0
patch_003224,0,0.0,99.58,0,0.0
patch_003225,0,0.0,99.78,0,0.0
patch_003226,0,0.0,99.11,0,0.0
patch_003227,0,0.0,99.69,0,0.0
patch_003228,0,0.0,99.7,0,0.0
patch_003229,0,0.0,99.69,0,0.0
patch_003230,0,0.0,99.61,0,0.0
patch_003231,0,0.0,99.66,0,0.0
patch_003232,0,0.0,99.5,0,0.0
patch_003233,0,0.0,99.41,0,0.0
patch_003234,0,0.0,99.43,0,0.0
patch_003235,0,0.0,99.49,0,0.0
patch_003236,0,0.0,99.34,0,0.0
patch_003237,0,0.0,99.42,0,0.0
patch_003238,0,0.0,99.03,0,0.0
patch_003239,1,2.21,96.81,2025,0.7158
patch_003240,1,0.7425,98.14,2010,0.0
patch_003241,1,1.2524,99.06,2023,0.0
patch_003242,0,0.0,99.39,0,0.0
patch_003243,0,0.0,99.41,0,0.0
patch_003244,0,0.0,98.84,0,0.0239
patch_003245,0,0.0,99.27,0,0.0
patch_003246,0,0.0,99.28,0,0.0
patch_003247,0,0.0,99.28,0,0.0
patch_003248,0,0.0,99.4,0,0.0
patch_003249,1,0.5249,99.58,2023,0.0
patch_003250,1,7.3877,99.22,2017,0.0
patch_003251,1,6.2123,98.48,2017,0.0
patch_003252,1,21.5922,94.83,2019,0.0716
patch_003253,1,27.3023,92.17,2024,0.0603
patch_003254,1,36.5714,92.15,2008,0.0408
patch_003255,1,40.7942,89.57,2019,0.3621
patch_003256,1,37.2787,91.25,2010,0.5145
patch_003257,1,41.0719,83.31,2024,0.0239
patch_003258,1,17.4888,78.71,2021,0.0
patch_003259,1,58.8753,76.6,2020,0.0
patch_003260,1,57.4565,83.89,2017,0.0447
patch_003261,1,51.7282,88.04,2019,0.0686
patch_003262,1,3.2287,88.25,2020,0.0
patch_003263,0,0.0,76.88,0,0.0
patch_003264,1,49.6748,78.45,2017,0.0
patch_003265,1,72.7426,89.82,2002,5.6341
patch_003266,1,63.9072,88.82,2001,0.2306
patch_003267,1,56.087,85.82,2002,0.5249
patch_003268,1,56.3703,71.89,2016,0.0
patch_003269,1,64.9253,74.32,2009,0.167
patch_003270,1,53.3618,77.69,2024,0.8142
patch_003271,1,58.7966,63.69,2022,0.0
patch_003272,1,24.1959,50.73,2022,0.6204
patch_003274,1,24.3573,48.7,2022,0.5818
patch_003275,1,21.9837,59.65,2022,0.0417
patch_003276,1,13.7725,52.03,2017,0.4056
patch_003277,1,39.7022,77.94,2020,0.2386
patch_003278,1,36.7971,64.83,2016,0.2624
patch_003279,1,46.0377,64.94,2006,0.2414
patch_003280,1,8.9064,60.39,2003,0.0745
patch_003283,1,16.894,81.15,2002,0.0509
patch_003284,1,23.2707,69.2,2016,0.4772
patch_003285,1,26.901,85.23,2002,0.334
patch_003286,1,25.181,55.96,2011,0.4981
patch_003288,1,57.2501,84.51,2019,0.429
patch_003290,1,48.257,80.11,2010,2.7506
patch_003291,1,58.6399,85.14,2003,3.8848
patch_003292,1,28.6497,79.45,2002,0.1909
patch_003293,1,19.2829,87.5,2004,1.3918
patch_003294,1,78.6188,85.95,2002,0.8622
patch_003295,1,13.6357,80.33,2017,0.1432
patch_003296,1,45.4311,64.59,2004,0.1909
patch_003297,1,36.8388,60.07,2004,1.9489
patch_003298,1,85.4615,86.7,2002,0.3234
patch_003301,1,37.9586,51.75,2002,0.0716
patch_003303,1,5.6901,83.48,2002,0.0716
patch_003304,1,71.6328,98.22,2004,0.0
patch_003305,1,75.3861,81.95,2002,0.0477
patch_003306,1,73.0258,80.91,2004,0.0
patch_003307,1,81.2101,82.69,2004,0.0
patch_003308,1,88.3394,96.89,2006,0.1432
patch_003309,1,47.955,92.24,2007,0.0924
patch_003310,1,22.1714,92.86,2010,0.0686
patch_003311,1,20.9797,94.37,2010,0.0954
patch_003313,1,48.279,90.67,2016,0.0716
patch_003314,1,82.2962,95.58,2004,0.0239
patch_003315,1,60.2587,96.39,2004,0.1044
patch_003316,1,4.6569,78.08,2017,0.0
patch_003317,1,48.7238,80.72,2002,0.8292
patch_003319,1,6.5502,76.34,2017,0.0
patch_003320,1,17.0176,97.44,2002,0.0
patch_003321,1,0.3046,89.11,2024,0.0
patch_003322,1,12.9317,87.01,2001,1.2884
patch_003324,1,13.6144,86.23,2005,0.1432
patch_003326,1,62.5763,77.5,2001,0.0
patch_003328,1,49.4306,83.2,2001,0.0954
patch_003329,1,25.1223,55.95,2002,0.9427
patch_003331,1,26.3591,69.84,2002,0.0477
patch_003332,1,35.4932,55.23,2002,0.0132
patch_003334,1,40.0803,57.2,2002,0.5249
patch_003335,1,81.9939,85.63,2008,0.0239
patch_003336,1,92.0363,96.59,2012,0.0
patch_003337,1,57.641,90.46,2003,0.0
patch_003338,1,50.8265,94.08,2004,0.0865
patch_003339,1,30.1829,61.03,2019,0.2147
patch_003340,1,69.6926,89.54,2019,0.0477
patch_003341,1,65.1141,93.76,2006,0.0
patch_003342,1,18.633,47.52,2015,1.7148
patch_003344,1,14.2583,56.68,2006,0.1373
patch_003345,1,42.6319,67.98,2004,0.0
patch_003347,1,62.5109,85.0,2017,1.2645
patch_003348,1,51.4551,96.98,2016,0.003
patch_003349,1,78.4068,97.03,2017,0.0477
patch_003350,1,74.2952,97.0,2013,0.0
patch_003351,1,60.5818,94.17,2024,0.4772
patch_003352,1,66.2221,87.83,2004,6.57
patch_003353,1,58.3233,91.09,2014,1.3507
patch_003354,1,43.7042,95.12,2002,0.6442
patch_003355,1,4.0406,95.23,2019,0.1909
patch_003356,1,34.8181,91.93,2023,1.1214
patch_003358,1,30.7623,48.58,2016,1.9398
patch_003359,1,33.3721,97.75,2016,0.4823
patch_003360,1,70.9405,99.35,2011,0.0716
patch_003361,1,80.0282,98.02,2022,0.2147
patch_003362,1,55.469,97.81,2022,0.0477
patch_003367,1,59.5025,99.96,2022,0.0
patch_003368,1,84.4823,99.82,2019,0.0716
patch_003369,1,68.7216,99.8,2019,0.0477
patch_003370,1,4.5429,99.84,2024,0.0
patch_003371,1,23.582,99.88,2020,0.0
patch_003372,1,88.9276,99.89,2017,0.0
patch_003373,1,66.1498,99.62,2018,0.0
patch_003374,1,0.0716,99.93,2011,0.0
patch_003375,0,0.0,99.99,0,0.0
patch_003376,1,0.334,99.71,2012,0.0
patch_003377,0,0.0,99.05,0,0.0
patch_003378,1,0.0291,99.98,2006,0.0
patch_003379,1,0.2152,99.62,2012,0.0
patch_003380,1,0.2147,99.19,2012,0.0
patch_003381,1,2.7169,96.14,2012,0.0
patch_003382,1,0.1133,96.49,2012,0.0
patch_003383,0,0.0,94.76,0,0.0
patch_003384,1,1.4554,97.41,2025,0.0
patch_003385,1,0.0239,96.2,2008,0.0
patch_003386,0,0.0,83.57,0,0.0
patch_003387,0,0.0,47.34,0,0.0
patch_003388,0,0.0,71.32,0,0.0
patch_003389,0,0.0,75.15,0,0.0
patch_003390,0,0.0,46.68,0,0.0
patch_003391,0,0.0,68.77,0,0.0
patch_003392,0,0.0,68.2,0,0.0
patch_003393,0,0.0,82.14,0,0.0
patch_003394,0,0.0,73.32,0,0.0
patch_003395,1,0.0477,59.46,2006,0.0
patch_003396,0,0.0,98.04,0,0.0
patch_003397,1,25.0985,79.02,2022,0.4065
patch_003398,1,23.658,84.83,2022,0.0716
patch_003401,1,52.7035,84.84,2016,0.4236
patch_003402,1,95.8488,70.32,2016,0.003
patch_003403,1,92.3198,69.84,2016,0.1432
patch_003404,1,64.4939,86.45,2016,0.0
patch_003405,1,62.2809,91.98,2023,0.0
patch_003406,1,80.0023,83.07,2024,0.0
patch_003407,1,36.5992,88.32,2024,0.0
patch_003408,1,0.4344,99.08,2024,0.0
patch_003409,0,0.0,99.3,0,0.0
patch_003410,0,0.0,99.88,0,0.0
patch_003411,1,0.0477,99.75,2010,0.0
patch_003412,0,0.0,99.7,0,0.0
patch_003413,0,0.0,95.93,0,0.0
patch_003414,0,0.0,65.65,0,0.0
patch_003415,0,0.0,68.65,0,0.0
patch_003416,0,0.0,53.98,0,0.0
patch_003417,0,0.0,52.31,0,0.0
patch_003418,0,0.0,61.84,0,0.0
patch_003419,1,0.0239,78.7,2012,0.0
patch_003420,1,58.941,64.32,2005,0.5488
patch_003421,1,57.4903,73.2,2022,1.4316
patch_003423,1,42.1231,66.86,2007,0.2068
patch_003424,1,75.8569,79.48,2004,0.0239
patch_003425,1,60.9824,71.13,2004,4.1278
patch_003426,1,67.4013,74.1,2002,0.4056
patch_003427,1,48.9467,97.26,2002,2.5591
patch_003428,1,9.4543,94.81,2001,0.4533
patch_003429,1,0.0319,98.05,2020,0.0
patch_003430,1,0.7223,97.04,2025,0.0
patch_003431,0,0.0,94.65,0,0.0
patch_003433,1,78.574,86.43,2002,4.1171
patch_003434,1,37.2312,98.13,2002,0.5428
patch_003435,1,1.6345,99.92,2019,0.0
patch_003437,0,0.0,98.97,0,0.0
patch_003438,0,0.0,98.75,0,0.0
patch_003439,0,0.0,99.08,0,0.0
patch_003440,1,0.0954,99.51,2005,0.0
patch_003441,1,0.37,95.97,2014,0.0
patch_003442,1,0.5214,90.29,2014,0.0
patch_003443,0,0.0,98.2,0,0.0
patch_003444,0,0.0,99.7,0,0.0
patch_003445,1,0.0477,99.6,2013,0.0
patch_003446,0,0.0,99.72,0,0.0
patch_003447,1,0.0239,99.79,2014,0.0
patch_003448,1,3.561,99.8,2020,0.0
patch_003449,0,0.0,99.73,0,0.0
patch_003450,0,0.0,99.64,0,0.0
patch_003451,0,0.0,99.68,0,0.0
patch_003452,0,0.0,99.79,0,0.0
patch_003453,0,0.0,99.75,0,0.0
patch_003454,0,0.0,99.72,0,0.0
patch_003455,0,0.0,99.09,0,0.0
patch_003456,0,0.0,98.92,0,0.0
patch_003457,1,2.5991,99.63,2008,0.0
patch_003458,1,0.2854,99.67,2008,0.0
patch_003459,0,0.0,99.6,0,0.0
patch_003460,0,0.0,99.5,0,0.0
patch_003461,0,0.0,99.54,0,0.0
patch_003462,0,0.0,99.41,0,0.0
patch_003463,0,0.0,99.49,0,0.0
patch_003464,0,0.0,99.4,0,0.0
patch_003465,0,0.0,99.28,0,0.0
patch_003466,0,0.0,99.04,0,0.0
patch_003467,1,7.5599,98.13,2004,1.0731
patch_003468,1,15.7905,92.81,2023,0.6502
patch_003469,1,18.2416,99.25,2023,0.0
patch_003470,0,0.0,99.7,0,0.0
patch_003471,0,0.0,99.2,0,0.0
patch_003472,0,0.0,99.46,0,0.0
patch_003473,0,0.0,99.22,0,0.0
patch_003474,0,0.0,99.12,0,0.0
patch_003475,0,0.0,98.92,0,0.0
patch_003476,0,0.0,98.89,0,0.0
patch_003477,0,0.0,99.15,0,0.0
patch_003478,1,4.8154,99.25,2017,0.0
patch_003479,1,38.0722,69.71,2002,0.0
patch_003480,1,22.7944,58.39,2022,0.0
patch_003483,1,29.0304,57.15,2001,0.3209
patch_003485,1,52.351,81.9,2008,0.0
patch_003486,1,22.988,73.54,2010,0.3529
patch_003487,1,7.4283,53.54,2001,1.0682
patch_003488,1,23.4219,61.86,2017,1.3341
patch_003489,1,54.5027,74.73,2002,0.3848
patch_003490,1,5.0952,87.96,2016,0.1909
patch_003491,0,0.0,89.88,0,0.0
patch_003492,1,9.1759,72.22,2015,1.0096
patch_003493,1,29.2954,61.15,2002,4.9401
patch_003494,1,34.4355,62.13,2006,0.3102
patch_003495,1,54.9869,85.09,2002,0.5249
patch_003496,1,52.517,78.57,2002,0.2148
patch_003497,1,40.8852,55.86,2010,0.2565
patch_003498,1,32.6888,66.71,2019,0.1323
patch_003499,1,25.6555,59.95,2009,0.0189
patch_003500,1,14.6472,60.03,2017,0.3818
patch_003501,1,19.5947,63.92,2024,0.2527
patch_003502,1,7.5994,66.21,2016,0.9004
patch_003503,1,29.2797,55.63,2023,1.9956
patch_003504,1,49.6668,87.94,2002,0.2386
patch_003507,1,24.0681,62.41,2006,0.1846
patch_003509,1,32.8825,60.2,2001,0.2863
patch_003511,1,29.5834,52.92,2003,0.0716
patch_003512,1,15.172,81.29,2002,0.0477
patch_003513,1,27.2001,56.26,2010,0.2386
patch_003514,1,49.301,80.77,2020,0.8381
patch_003515,1,32.2396,60.06,2020,0.4236
patch_003516,1,32.5733,72.67,2005,0.0954
patch_003518,1,42.8633,55.91,2002,1.9054
patch_003519,1,58.6299,93.2,2001,0.2941
patch_003520,1,2.9348,91.73,2021,0.0
patch_003521,1,18.249,90.72,2014,0.0
patch_003531,1,8.7743,92.5,2004,0.0
patch_003532,1,49.5788,83.18,2004,0.0
patch_003533,1,63.3852,66.2,2002,0.0954
patch_003534,1,66.7895,73.18,2004,0.0
patch_003536,1,74.4012,94.45,2010,0.0716
patch_003537,1,86.2343,94.23,2004,1.2199
patch_003538,1,97.9316,94.94,2004,0.0269
patch_003539,1,80.4933,97.32,2006,0.0239
patch_003540,1,77.113,95.16,2004,0.0
patch_003541,1,52.8807,88.55,2009,0.0477
patch_003542,1,78.0221,94.66,2009,0.0
patch_003543,1,60.6024,91.02,2004,0.0239
patch_003544,1,7.533,67.07,2022,0.0954
patch_003545,1,4.0941,94.51,2004,0.0477
patch_003546,1,39.5033,92.16,2003,2.1714
patch_003547,1,23.2303,95.59,2002,0.766
patch_003548,1,67.3595,77.59,2002,0.0
patch_003552,1,5.9321,87.44,2005,1.8031
patch_003553,1,30.9248,88.7,2004,0.3846
patch_003554,1,57.0525,77.14,2002,0.674
patch_003556,1,72.9511,83.38,2005,0.309
patch_003557,1,40.0358,64.04,2018,0.0954
patch_003559,1,32.7415,61.86,2003,0.1237
patch_003560,1,69.726,75.58,2010,0.0
patch_003562,1,41.6417,68.41,2002,0.3609
patch_003563,1,45.2281,51.9,2002,0.3892
patch_003564,1,53.9315,67.96,2002,0.0696
patch_003565,1,41.6651,70.25,2002,0.0477
patch_003566,1,60.6418,81.15,2020,0.1522
patch_003568,1,36.0077,60.08,2018,0.2863
patch_003569,1,2.6313,96.21,2019,0.0
patch_003570,1,25.7068,96.42,2016,0.0269
patch_003571,1,85.5414,88.21,2002,0.0
patch_003574,1,46.8198,65.53,2003,3.7995
patch_003575,1,50.3829,92.37,2017,0.8113
patch_003576,1,64.96,99.44,2016,0.0
patch_003577,1,90.5016,99.58,2016,0.0239
patch_003578,1,71.5468,99.5,2014,0.0
patch_003579,1,67.9623,77.36,2004,0.5385
patch_003580,1,56.9935,56.08,2016,3.3791
patch_003581,1,51.4951,97.15,2006,0.3818
patch_003582,1,50.4532,94.07,2010,0.0
patch_003583,1,23.0255,92.91,2010,0.0
patch_003586,1,25.502,68.19,2003,2.6962
patch_003587,1,8.0235,93.55,2021,0.3102
patch_003588,1,20.4216,85.65,2005,4.9837
patch_003590,1,32.2951,75.08,2004,0.5971
patch_003595,1,42.3143,99.94,2020,0.0477
patch_003596,1,95.5677,99.78,2017,0.3997
patch_003597,1,92.5039,84.4,2016,14.8642
patch_003598,1,47.4956,99.77,2021,0.0477
patch_003599,1,13.7743,99.29,2022,0.0
patch_003600,1,69.7899,99.65,2017,0.0
patch_003601,1,26.1788,99.25,2017,0.0
patch_003602,1,0.0477,99.99,2002,0.0
patch_003603,0,0.0,100.0,0,0.0
patch_003604,1,0.0716,99.96,2012,0.0
patch_003605,1,0.0716,99.98,2012,0.0
patch_003606,1,0.0239,99.87,2013,0.0
patch_003607,1,0.1193,92.56,2006,0.0
patch_003608,1,17.5978,80.89,2012,0.0
patch_003609,1,54.7515,92.59,2012,0.0
patch_003610,1,71.8748,95.15,2012,0.0
patch_003611,1,1.403,96.46,2013,0.0
patch_003612,0,0.0,98.3,0,0.0
patch_003614,0,0.0,94.06,0,0.0239
patch_003615,0,0.0,91.33,0,0.0
patch_003616,0,0.0,54.8,0,0.0
patch_003617,0,0.0,63.07,0,0.0
patch_003619,1,0.0239,73.75,2002,0.0
patch_003620,1,0.0183,85.38,2002,0.0
patch_003621,1,0.0111,96.17,2002,0.0
patch_003622,0,0.0,98.05,0,0.0
patch_003623,1,0.0239,91.76,2011,0.0239
patch_003624,1,1.0801,99.63,2002,0.0239
patch_003625,1,48.4761,70.02,2002,0.7405
patch_003626,1,39.0397,70.37,2020,3.983
patch_003627,1,0.6377,94.47,2017,0.2824
patch_003628,1,13.9516,83.1,2010,0.0239
patch_003629,1,71.9435,90.89,2016,1.3124
patch_003630,1,68.0537,87.3,2016,0.0929
patch_003631,1,76.1077,73.1,2016,0.4483
patch_003632,1,70.9562,72.54,2014,0.3042
patch_003633,1,17.2669,97.02,2015,0.1193
patch_003634,1,21.6041,87.01,2024,0.0
patch_003635,0,0.0,86.64,0,0.0
patch_003636,0,0.0,90.78,0,0.0
patch_003637,0,0.0,99.04,0,0.0
patch_003638,0,0.0,98.54,0,0.0
patch_003639,1,0.0239,98.86,2012,0.0
patch_003640,0,0.0,99.79,0,0.0
patch_003641,0,0.0,99.69,0,0.0
patch_003642,0,0.0,96.79,0,0.0
patch_003643,1,0.0239,88.94,2017,0.0
patch_003644,1,0.0716,55.46,2002,0.0
patch_003645,1,0.0477,62.45,2007,0.0
patch_003646,1,0.0239,85.33,2002,0.0
patch_003647,0,0.0,98.07,0,0.0
patch_003648,1,64.0296,90.58,2002,0.1432
patch_003649,1,40.6402,75.39,2010,0.1193
patch_003650,1,58.7541,73.18,2006,0.3818
patch_003651,1,83.1038,92.22,2009,0.0716
patch_003652,1,75.8729,93.78,2003,0.0477
patch_003653,1,59.6143,86.72,2002,8.835
patch_003654,1,62.7937,89.47,2004,0.8053
patch_003655,1,75.6862,81.1,2001,0.5906
patch_003656,1,38.1543,97.46,2001,0.0955
patch_003657,0,0.0,99.36,0,0.0
patch_003658,0,0.0,99.79,0,0.0
patch_003659,0,0.0,98.86,0,0.0
patch_003660,1,0.0477,66.46,2014,0.0
patch_003661,1,9.9572,93.93,2002,0.2625
patch_003662,1,2.1598,99.41,2002,0.0299
patch_003663,0,0.0,99.89,0,0.0
patch_003664,1,0.4642,96.28,2024,0.0
patch_003665,1,2.5642,93.1,2023,0.0
patch_003666,0,0.0,99.73,0,0.0
patch_003667,1,0.3102,98.95,2022,0.0
patch_003668,1,0.5965,98.35,2009,0.0
patch_003669,1,2.8215,91.14,2002,0.0
patch_003670,1,0.0239,95.66,2005,0.0
patch_003671,1,0.0239,94.37,2017,0.0
patch_003672,0,0.0,99.56,0,0.0
patch_003673,1,0.0477,92.1,2012,0.0
patch_003674,0,0.0,95.63,0,0.0
patch_003675,1,0.6873,99.63,2020,0.0
patch_003676,1,4.1138,99.38,2020,0.0
patch_003677,0,0.0,99.63,0,0.0
patch_003678,0,0.0,99.44,0,0.0
patch_003679,0,0.0,99.55,0,0.0
patch_003680,0,0.0,99.63,0,0.0
patch_003681,0,0.0,99.71,0,0.0
patch_003682,0,0.0,99.71,0,0.0
patch_003683,0,0.0,99.75,0,0.0
patch_003684,1,0.076,99.72,2008,0.0
patch_003685,1,0.1503,99.71,2012,0.0
patch_003686,0,0.0,99.67,0,0.0
patch_003687,0,0.0,99.61,0,0.0
patch_003688,0,0.0,99.66,0,0.0
patch_003689,0,0.0,99.61,0,0.0
patch_003690,0,0.0,99.5,0,0.0
patch_003691,0,0.0,99.42,0,0.0
patch_003692,0,0.0,99.49,0,0.0
patch_003693,0,0.0,99.31,0,0.0
patch_003694,1,0.0716,99.19,2001,0.0
patch_003695,0,0.0,99.2,0,0.0
patch_003696,1,0.0239,99.01,2017,0.0
patch_003697,1,14.3503,97.95,2022,0.0
patch_003698,1,6.3474,99.35,2021,0.0
patch_003699,1,4.4576,99.26,2011,0.0
patch_003700,1,1.7393,99.12,2014,0.0
patch_003701,0,0.0,98.5,0,0.0
patch_003702,0,0.0,99.28,0,0.0
patch_003703,0,0.0,99.0,0,0.0
patch_003704,0,0.0,98.59,0,0.0
patch_003705,0,0.0,99.26,0,0.0
patch_003706,0,0.0,99.34,0,0.0
patch_003707,1,0.1436,95.18,2016,0.0
patch_003708,1,2.536,65.97,2002,0.0
patch_003709,1,48.4302,75.6,2002,0.0477
patch_003714,1,76.5509,94.24,2002,0.0955
patch_003715,1,11.6253,52.92,2001,1.2633
patch_003716,1,3.6569,94.06,2025,0.3091
patch_003717,1,32.2537,89.65,2001,0.0131
patch_003718,1,2.796,89.79,2022,0.2786
patch_003721,1,6.1204,64.19,2017,0.2148
patch_003722,1,33.0954,72.11,2018,0.3102
patch_003725,1,48.1975,71.93,2004,0.4355
patch_003726,1,49.0899,86.61,2010,0.0507
patch_003727,1,33.5292,58.83,2010,1.0738
patch_003728,1,31.9445,74.73,2019,0.167
patch_003729,1,19.3188,53.33,2017,0.0925
patch_003730,1,25.1039,68.84,2002,0.4295
patch_003732,1,26.2666,56.88,2002,0.17
patch_003740,1,22.8635,59.2,2004,0.0
patch_003741,1,46.3923,57.28,2009,0.0
patch_003742,1,87.2835,87.33,2020,0.5966
patch_003743,1,52.0198,63.05,2017,2.4373
patch_003747,1,50.8474,96.31,2002,1.2208
patch_003748,1,8.5446,89.86,2003,3.8452
patch_003749,1,29.3944,54.23,2005,0.4057
patch_003758,1,15.4264,72.35,2019,0.0477
patch_003759,0,0.0,92.86,0,0.0
patch_003760,1,39.3076,65.63,2005,0.0
patch_003761,1,52.1375,66.79,2010,0.1193
patch_003762,1,86.8428,94.47,2004,0.0239
patch_003763,1,96.3161,99.22,2004,0.0
patch_003764,1,83.6681,96.68,2011,0.0239
patch_003765,1,50.7848,94.43,2010,0.0417
patch_003766,1,22.2968,95.43,2010,0.0
patch_003767,1,21.1232,58.11,2003,0.1193
patch_003768,1,18.329,75.77,2010,0.0
patch_003769,1,38.9335,87.87,2021,0.0
patch_003770,1,46.0573,88.89,2021,0.0
patch_003771,1,31.2898,88.44,2013,0.0
patch_003772,1,3.7898,92.17,2003,0.0
patch_003773,1,69.1068,98.1,2003,0.0
patch_003774,1,15.6549,93.96,2003,1.7181
patch_003775,1,25.3027,64.77,2002,0.1009
patch_003776,1,16.6399,90.78,2002,0.1193
patch_003783,1,13.1059,93.06,2010,0.6115
patch_003787,1,38.6762,71.07,2004,0.1193
patch_003788,1,69.9297,85.62,2002,0.0477
patch_003789,1,68.8661,90.91,2002,0.2625
patch_003790,1,51.0999,87.69,2003,0.0
patch_003791,1,20.7037,84.81,2004,0.0477
patch_003792,1,73.0452,97.92,2005,0.0
patch_003794,1,63.7621,98.76,2004,0.167
patch_003795,1,17.2822,95.04,2006,0.1193
patch_003797,1,37.8835,87.88,2018,0.0477
patch_003798,1,25.8014,98.76,2004,2.5842
patch_003799,1,88.3462,97.92,2003,2.9834
patch_003800,1,54.4057,63.01,2002,0.0955
patch_003802,1,8.7878,94.57,2015,2.6191
patch_003803,1,19.4063,99.9,2019,0.0
patch_003804,1,35.9756,99.86,2019,0.0
patch_003805,1,36.5595,99.64,2017,0.3102
patch_003806,1,41.026,98.2,2019,0.1937
patch_003807,1,42.4741,85.49,2002,0.4813
patch_003808,1,55.686,92.94,2006,0.6051
patch_003809,1,29.9407,96.99,2018,0.0
patch_003810,1,36.0899,98.93,2016,0.167
patch_003811,1,56.9749,95.43,2003,0.0209
patch_003812,1,70.2954,83.37,2002,0.0
patch_003813,1,54.1429,60.87,2002,9.9327
patch_003814,1,17.488,86.36,2021,12.7446
patch_003815,1,5.2053,94.28,2021,0.0239
patch_003816,1,4.9294,91.05,2021,0.17
patch_003817,1,9.3976,56.86,2022,0.3303
patch_003818,1,31.0811,70.98,2022,0.4914
patch_003822,1,51.4628,78.02,2021,0.0239
patch_003823,1,65.5207,99.91,2022,0.1193
patch_003825,1,47.5391,64.18,2006,18.9164
patch_003826,1,35.5097,95.72,2016,2.8185
patch_003827,1,3.3592,99.54,2019,0.0
patch_003828,1,17.3395,99.86,2017,0.0
patch_003829,1,2.4569,99.63,2019,0.0
patch_003830,1,0.0955,99.99,2012,0.0
patch_003831,0,0.0,99.98,0,0.0
patch_003832,1,0.7368,95.83,2022,0.2982
patch_003833,1,1.5263,90.6,2011,0.0
patch_003834,1,0.5998,99.74,2012,0.0
patch_003835,1,0.1432,97.19,2012,0.0
patch_003836,1,17.4405,80.99,2012,0.0
patch_003837,1,18.67,84.34,2012,0.0
patch_003838,1,8.9789,98.24,2012,0.0
patch_003839,1,5.6615,97.31,2012,0.0
patch_003840,0,0.0,99.94,0,0.0
patch_003841,1,0.2741,97.97,2010,0.0
patch_003842,1,0.0258,99.64,2010,0.0
patch_003843,0,0.0,98.17,0,0.0
patch_003844,1,0.0239,60.58,2010,0.525
patch_003845,1,0.0239,45.6,2002,0.0
patch_003846,0,0.0,67.63,0,0.0
patch_003847,0,0.0,71.17,0,0.0
patch_003848,0,0.0,85.23,0,0.0
patch_003849,0,0.0,93.79,0,0.0
patch_003850,0,0.0,95.76,0,0.0
patch_003851,0,0.0,99.64,0,0.0
patch_003852,1,0.1402,99.65,2021,0.0
patch_003853,1,15.8917,94.98,2003,0.0
patch_003854,1,51.8453,93.08,2011,0.0507
patch_003855,1,37.3434,87.29,2016,0.0
patch_003856,1,65.7021,80.02,2009,0.0
patch_003857,1,82.1664,81.25,2005,0.0
patch_003858,1,59.5809,86.48,2024,0.2148
patch_003859,1,57.6432,77.23,2016,1.3494
patch_003860,1,50.1696,82.34,2002,1.2391
patch_003861,1,21.7888,93.3,2020,0.0
patch_003863,0,0.0,87.4,0,0.0
patch_003864,0,0.0,81.48,0,0.0
patch_003865,0,0.0,97.68,0,0.0
patch_003866,0,0.0,95.56,0,0.0
patch_003868,0,0.0,95.79,0,0.0
patch_003869,1,0.0239,99.58,2005,0.0
patch_003870,0,0.0,99.3,0,0.0
patch_003871,0,0.0,92.12,0,0.0
patch_003872,0,0.0,95.73,0,0.0
patch_003873,0,0.0,94.95,0,0.0
patch_003874,0,0.0,91.21,0,0.0
patch_003875,0,0.0,98.55,0,0.0
patch_003876,1,58.4905,99.28,2007,0.0
patch_003877,1,66.1542,93.65,2005,0.0477
patch_003878,1,63.0741,86.41,2001,0.0239
patch_003879,1,63.9803,69.4,2009,0.4057
patch_003880,1,71.4082,78.5,2010,0.167
patch_003881,1,61.8443,72.12,2002,6.9383
patch_003882,1,62.1357,83.33,2006,10.4456
patch_003883,1,69.1838,90.06,2002,0.2836
patch_003884,1,9.3832,97.71,2001,0.0
patch_003885,1,3.2877,99.26,2025,0.0
patch_003886,0,0.0,99.84,0,0.0
patch_003887,0,0.0,99.43,0,0.0
patch_003888,1,0.1193,99.56,2021,0.0
patch_003890,0,0.0,99.79,0,0.0
patch_003891,0,0.0,99.91,0,0.0
patch_003892,1,0.0477,99.59,2012,0.0
patch_003893,1,15.2119,91.51,2017,0.0
patch_003894,1,0.4228,99.84,2018,0.0
patch_003895,1,0.3341,99.89,2017,0.0
patch_003896,1,9.2832,98.28,2010,0.9068
patch_003897,1,1.3544,90.36,2002,0.0
patch_003898,1,0.0477,69.91,2014,0.0
patch_003902,1,0.692,66.48,2012,0.0
patch_003903,1,1.707,68.69,2019,0.0
patch_003904,1,30.3971,92.77,2018,0.0
patch_003905,1,51.8987,99.22,2018,0.0
patch_003906,1,59.17,98.93,2019,0.0
patch_003907,1,0.4445,99.52,2015,0.0
patch_003908,0,0.0,99.69,0,0.0
patch_003909,0,0.0,99.68,0,0.0
patch_003910,1,0.0239,99.78,2013,0.0
patch_003911,0,0.0,99.67,0,0.0
patch_003913,0,0.0,99.74,0,0.0
patch_003914,0,0.0,99.65,0,0.0
patch_003915,0,0.0,99.58,0,0.0
patch_003917,0,0.0,99.58,0,0.0
patch_003918,0,0.0,99.55,0,0.0
patch_003919,0,0.0,99.6,0,0.0
patch_003920,0,0.0,99.52,0,0.0
patch_003921,0,0.0,99.4,0,0.0
patch_003922,0,0.0,99.22,0,0.0
patch_003923,0,0.0,99.17,0,0.0
patch_003924,0,0.0,99.03,0,0.0
patch_003925,1,4.8119,99.09,2023,0.0
patch_003926,1,16.6452,98.17,2020,0.0
patch_003927,1,1.9807,99.33,2007,0.0
patch_003929,0,0.0,98.76,0,0.0
patch_003931,0,0.0,99.22,0,0.0
patch_003932,0,0.0,99.1,0,0.0
patch_003933,0,0.0,99.07,0,0.0
patch_003934,0,0.0,99.08,0,0.0
patch_003935,0,0.0,99.1,0,0.0
patch_003936,1,0.0477,98.92,2018,0.0
patch_003937,1,3.1454,96.71,2002,0.0239
patch_003938,1,22.337,60.06,2001,0.3341
patch_003939,1,18.6059,68.7,2001,0.0
patch_003940,1,41.5419,94.25,2001,0.1432
patch_003941,1,54.1911,93.0,2002,0.0716
patch_003942,1,28.4475,89.3,2001,0.0716
patch_003944,1,10.1993,87.22,2001,0.5488
patch_003945,1,32.1528,50.78,2001,0.545
patch_003953,1,49.0625,68.46,2017,0.8829
patch_003954,1,34.8563,64.99,2010,1.4218
patch_003956,1,57.6331,89.21,2002,0.3818
patch_003965,1,32.4321,54.36,2002,1.7091
patch_003967,1,34.4403,53.55,2021,0.5977
patch_003969,1,36.0404,71.46,2018,0.0477
patch_003970,1,87.1846,95.3,2021,0.0
patch_003975,1,19.9291,59.62,2002,1.5311
patch_003976,1,52.2673,71.42,2001,0.3596
patch_003978,1,2.1716,58.94,2012,0.3818
patch_003981,1,27.613,72.91,2002,0.963
patch_003986,1,64.2323,71.36,2017,0.1909
patch_003987,1,0.1001,88.26,2015,0.0
patch_003988,1,46.7052,71.66,2014,0.0
patch_003989,1,18.0375,71.02,2007,0.0477
patch_003990,1,65.9393,91.91,2016,0.0
patch_003991,1,99.3751,99.57,2004,0.0
patch_003993,1,64.373,89.46,2016,0.0537
patch_003994,1,28.3926,71.45,2013,0.0716
patch_003998,1,84.9002,75.81,2021,1.6193
patch_003999,1,41.8866,59.29,2013,1.2586
patch_004000,1,17.6553,93.04,2003,0.0
patch_004001,1,61.845,78.68,2002,0.0239
patch_004002,1,4.7025,96.14,2002,0.1193
patch_004004,1,21.1861,98.55,2002,0.3102
patch_004005,1,29.0649,89.66,2004,2.3626
patch_004007,1,55.2598,62.46,2005,0.8591
patch_004008,1,13.2154,47.68,2004,0.4057
patch_004010,1,3.7495,84.27,2016,0.0716
patch_004011,1,2.1542,97.28,2008,0.4624
patch_004012,1,5.3269,76.14,2005,1.5109
patch_004013,1,22.5781,58.67,2014,4.5341
patch_004015,1,58.2357,94.6,2004,0.7875
patch_004016,1,74.6959,96.56,2004,0.0955
patch_004017,1,94.1862,98.1,2004,0.0477
patch_004018,1,69.4258,97.98,2004,0.0
patch_004019,1,1.9607,99.43,2021,0.0
patch_004020,1,14.5356,99.55,2005,0.2625
patch_004021,1,34.9087,99.36,2004,2.8635
patch_004023,1,0.6282,98.8,2006,0.0
patch_004024,1,8.2092,97.95,2017,0.4057
patch_004025,1,4.6524,98.79,2017,0.3818
patch_004026,1,1.3955,99.05,2005,0.167
patch_004027,1,32.1301,98.92,2002,1.2648
patch_004028,1,34.3301,99.25,2003,0.5011
patch_004029,1,13.707,84.56,2001,0.1193
patch_004030,1,0.2625,99.81,2012,0.1432
patch_004031,1,34.2473,97.02,2020,0.5178
patch_004032,1,37.6155,93.47,2020,0.3756
patch_004033,1,5.6302,99.65,2017,0.0716
patch_004034,1,59.8325,86.15,2019,0.6682
patch_004035,1,74.0927,92.63,2004,0.0716
patch_004036,1,21.6582,96.73,2022,0.5011
patch_004037,1,26.8677,97.16,2019,0.0
patch_004038,1,46.5635,99.4,2019,0.0
patch_004039,1,40.6793,98.61,2019,0.17
patch_004040,1,26.9142,74.46,2016,0.167
patch_004041,1,32.3022,81.53,2003,0.2332
patch_004042,1,3.5349,92.63,2021,1.7163
patch_004043,1,15.6975,89.38,2006,0.0
patch_004044,1,0.6011,96.72,2004,0.0
patch_004045,1,14.5331,86.67,2001,0.4773
patch_004046,1,5.302,98.24,2004,0.0
patch_004047,1,19.2101,72.14,2011,0.0477
patch_004048,1,2.7551,57.88,2018,0.1193
patch_004049,1,17.4917,97.41,2009,0.1432
patch_004050,1,4.5759,99.97,2018,0.0
patch_004051,1,4.7696,99.96,2018,0.0
patch_004052,1,9.4611,99.95,2021,0.0
patch_004053,1,18.4363,99.03,2020,0.5546
patch_004054,1,4.9678,99.67,2016,0.348
patch_004055,1,1.0753,99.94,2016,0.0
patch_004056,1,0.5647,99.76,2017,0.0
patch_004057,1,0.0677,99.96,2024,0.0
patch_004058,1,0.354,99.98,2024,0.0
patch_004059,0,0.0,99.91,0,0.0
patch_004060,1,0.2893,98.05,2018,0.3152
patch_004061,0,0.0,80.53,0,0.0123
patch_004062,1,2.0755,98.02,2012,0.0
patch_004063,1,0.5256,87.16,2012,0.0
patch_004064,1,0.0328,61.68,2011,0.0
patch_004065,1,0.0477,92.98,2002,0.0
patch_004066,1,0.3102,99.44,2010,0.0
patch_004067,0,0.0,98.98,0,0.0
patch_004068,0,0.0,99.44,0,0.0
patch_004069,1,0.2024,95.59,2010,0.0239
patch_004070,1,0.7013,89.18,2010,0.0239
patch_004071,1,0.0955,94.33,2002,0.2386
patch_004072,1,0.0239,63.18,2013,0.167
patch_004073,0,0.0,49.91,0,0.0
patch_004074,0,0.0,74.07,0,0.0
patch_004075,0,0.0,61.43,0,0.0
patch_004076,0,0.0,70.47,0,0.0
patch_004077,0,0.0,71.6,0,0.0
patch_004078,0,0.0,95.18,0,0.0
patch_004079,1,0.0955,98.7,2012,0.0
patch_004080,1,15.5174,98.65,2006,0.0
patch_004081,1,17.1181,63.72,2019,0.0
patch_004082,1,33.2395,82.69,2010,0.0
patch_004083,1,66.6869,90.88,2010,0.0
patch_004084,1,56.2693,94.28,2002,0.2148
patch_004085,1,50.4372,90.96,2006,0.2386
patch_004086,1,68.526,94.34,2020,0.0
patch_004087,1,81.3566,82.31,2016,0.0
patch_004088,1,69.822,83.78,2016,0.0447
patch_004089,1,0.7135,94.83,2008,0.0
patch_004090,0,0.0,94.59,0,0.0
patch_004091,0,0.0,95.14,0,0.0
patch_004092,0,0.0,95.38,0,0.0
patch_004093,0,0.0,99.1,0,0.0
patch_004094,0,0.0,81.99,0,0.0
patch_004095,0,0.0,87.78,0,0.0
patch_004096,0,0.0,91.29,0,0.0
patch_004097,0,0.0,98.21,0,0.0
patch_004098,0,0.0,98.91,0,0.0
patch_004099,1,0.1573,98.65,2002,0.0
patch_004100,1,0.0389,96.06,2009,0.0
patch_004101,0,0.0,98.1,0,0.0
patch_004102,0,0.0,99.3,0,0.0
patch_004103,1,7.9002,99.26,2023,0.0
patch_004104,1,31.1025,99.29,2021,0.0
patch_004105,1,42.2041,80.0,2004,0.3341
patch_004106,1,60.4651,80.22,2016,1.5034
patch_004107,1,61.3106,72.74,2005,1.5274
patch_004108,1,55.6217,83.44,2004,0.2386
patch_004109,1,57.713,81.7,2001,0.5728
patch_004110,1,56.2468,84.19,2004,0.8114
patch_004111,1,20.9223,87.41,2005,0.4773
patch_004112,1,24.1765,97.47,2025,0.0
patch_004113,1,71.2901,99.33,2024,0.0955
patch_004114,1,32.2736,99.75,2019,0.0
patch_004115,1,74.1986,99.26,2015,0.0
patch_004116,1,58.2378,99.55,2014,0.0
patch_004117,1,33.4103,98.65,2006,0.0239
patch_004118,1,6.426,96.96,2003,0.0239
patch_004119,1,0.1634,99.5,2018,0.0
patch_004120,0,0.0,99.77,0,0.0
patch_004121,1,11.9706,98.08,2016,0.0
patch_004122,1,34.0047,99.88,2008,0.0
patch_004123,1,38.477,98.74,2002,0.3103
patch_004124,1,26.1792,84.67,2002,0.0
patch_004125,1,6.484,96.35,2007,0.358
patch_004126,1,2.9949,99.54,2024,0.0239
patch_004127,1,0.0955,98.97,2017,0.886
patch_004128,1,0.0066,98.71,2017,0.0
patch_004129,1,1.8346,99.12,2017,0.0
patch_004130,1,0.2148,98.42,2017,0.0
patch_004131,1,21.644,90.38,2001,0.0477
patch_004132,1,23.9885,92.23,2019,0.0
patch_004133,1,46.6152,93.2,2018,0.0239
patch_004134,1,66.5698,97.29,2019,0.0
patch_004135,1,4.2196,99.67,2007,0.0
patch_004136,1,1.1932,99.72,2015,0.0
patch_004137,1,0.1671,99.78,2007,0.0
patch_004138,1,0.0239,99.78,2007,0.0
patch_004139,1,0.0477,99.75,2004,0.0
patch_004140,0,0.0,99.7,0,0.0
patch_004141,0,0.0,99.62,0,0.0
patch_004142,0,0.0,99.67,0,0.0
patch_004143,0,0.0,99.58,0,0.0
patch_004144,0,0.0,99.55,0,0.0
patch_004145,0,0.0,99.6,0,0.0
patch_004146,0,0.0,99.45,0,0.0
patch_004147,0,0.0,99.42,0,0.0
patch_004148,1,0.3818,99.44,2020,0.0
patch_004149,0,0.0,99.45,0,0.0
patch_004150,0,0.0,99.35,0,0.0
patch_004151,0,0.0,99.24,0,0.0
patch_004152,0,0.0,99.14,0,0.0
patch_004153,1,0.7236,98.82,2023,0.0
patch_004154,1,29.5613,97.66,2010,0.0477
patch_004155,1,14.4627,99.24,2017,0.0
patch_004156,1,0.7061,99.16,2014,0.0
patch_004157,0,0.0,99.31,0,0.0
patch_004158,0,0.0,99.22,0,0.0
patch_004159,0,0.0,99.2,0,0.0
patch_004160,1,0.0239,99.15,2001,0.0
patch_004161,0,0.0,99.0,0,0.0
patch_004162,0,0.0,98.97,0,0.0477
patch_004163,0,0.0,99.03,0,0.0
patch_004164,0,0.0,99.05,0,0.0
patch_004165,1,0.0124,91.56,2024,0.0
patch_004167,1,6.4244,86.49,2004,0.0
patch_004168,1,0.0955,81.78,2017,0.0239
patch_004169,1,4.6124,92.56,2001,0.0239
patch_004170,1,2.0226,83.51,2006,0.0239
patch_004172,1,41.3027,92.55,2001,0.1432
patch_004174,1,28.3441,63.97,2002,0.1909
patch_004179,1,67.7528,92.37,2002,0.0239
patch_004180,1,57.5257,94.72,2002,0.0955
patch_004181,1,33.0028,63.53,2004,1.1592
patch_004184,1,34.0943,72.5,2002,1.2589
patch_004197,1,28.7471,51.88,2002,1.9902
patch_004198,1,36.8812,55.87,2012,1.4446
patch_004210,1,8.8104,63.23,2015,0.2625
patch_004215,1,7.0841,86.6,2004,0.0
patch_004216,1,55.7215,77.74,2004,0.0477
patch_004220,1,64.321,65.37,2004,0.0
patch_004221,1,55.7511,71.17,2004,0.0239
patch_004222,1,23.2198,57.75,2012,0.0955
patch_004226,1,52.6769,74.9,2016,2.3142
patch_004228,1,9.6046,66.74,2021,0.1432
patch_004230,1,4.0915,92.38,2012,0.0
patch_004232,1,0.0447,99.0,2012,0.0
patch_004233,1,0.6666,99.28,2021,0.0
patch_004234,1,28.3577,75.42,2023,5.8474
patch_004235,1,0.3152,97.52,2023,0.0716
patch_004236,1,3.0037,92.12,2007,0.1555
patch_004237,1,0.8188,95.07,2010,0.0405
patch_004238,1,0.0716,98.68,2018,0.0
patch_004239,1,19.0992,96.82,2003,1.3603
patch_004240,1,11.0825,98.64,2011,0.5988
patch_004241,1,53.0555,89.75,2002,4.3009
patch_004242,1,83.7626,83.52,2003,0.0103
patch_004243,1,56.1204,67.53,2003,0.0
patch_004244,1,33.3694,83.39,2002,0.0239
patch_004245,1,50.2541,96.69,2004,0.0
patch_004246,1,63.8952,97.22,2017,0.0477
patch_004247,1,2.5867,99.0,2023,0.0477
patch_004248,1,8.9679,99.26,2004,0.0
patch_004249,1,24.7022,99.02,2005,0.4236
patch_004250,1,20.2464,99.57,2005,0.8352
patch_004251,1,0.3281,99.73,2021,0.0
patch_004252,1,0.6652,99.61,2021,0.0615
patch_004253,1,6.3014,99.32,2008,0.1824
patch_004254,1,27.641,97.73,2004,0.0
patch_004255,1,25.5412,99.32,2004,0.0716
patch_004256,1,5.8115,99.87,2017,0.0477
patch_004257,1,17.8681,99.87,2006,0.9307
patch_004258,1,0.5698,97.86,2019,0.0
patch_004259,1,56.3364,98.09,2020,0.0
patch_004260,1,49.8941,95.45,2021,0.0
patch_004261,1,22.6807,99.56,2021,0.0239
patch_004262,1,56.6324,96.52,2016,0.0477
patch_004263,1,80.3513,97.15,2016,1.2172
patch_004264,1,78.47,91.04,2004,0.5936
patch_004265,1,78.0199,84.34,2017,0.1671
patch_004267,1,17.9408,98.17,2020,0.0
patch_004268,1,29.4181,87.48,2001,0.4534
patch_004269,1,12.8641,96.16,2016,0.1163
patch_004270,1,4.5249,98.58,2017,0.0
patch_004271,1,11.6203,98.28,2012,0.0239
patch_004272,1,1.5535,94.9,2012,0.0955
patch_004273,1,21.6813,98.46,2001,0.0477
patch_004274,1,5.4623,98.13,2002,0.1402
patch_004275,1,1.0312,99.75,2013,0.0
patch_004276,1,0.0239,99.88,2012,0.0
patch_004277,1,3.5916,98.58,2023,0.0716
patch_004278,1,0.8901,99.98,2023,0.0
patch_004279,1,4.136,99.96,2017,0.0239
patch_004280,1,0.1372,99.98,2019,0.0239
patch_004281,1,0.4635,99.96,2016,0.0
patch_004282,1,4.2117,100.0,2016,0.0
patch_004283,1,3.5987,99.97,2016,0.0
patch_004284,1,2.4134,99.93,2024,0.0
patch_004285,1,1.6901,99.93,2019,0.0
patch_004286,1,1.0328,99.94,2012,0.0
patch_004287,1,0.0239,96.14,2002,0.0
patch_004288,0,0.0,86.41,0,0.0
patch_004290,0,0.0,76.9,0,0.0
patch_004291,0,0.0,91.15,0,0.0
patch_004292,1,0.0955,83.24,2012,0.0
patch_004293,1,0.2148,98.35,2017,0.0
patch_004294,1,0.0401,97.73,2019,0.0
patch_004295,1,0.6202,97.7,2019,0.0
patch_004296,0,0.0,99.64,0,0.0
patch_004297,0,0.0,90.09,0,0.0
patch_004298,0,0.0,83.23,0,0.0
patch_004299,0,0.0,85.92,0,0.0
patch_004300,0,0.0,66.46,0,0.0
patch_004301,1,0.1432,94.43,2012,0.0
patch_004302,0,0.0,93.71,0,0.0
patch_004303,1,0.5011,74.45,2024,0.0
patch_004304,0,0.0,76.15,0,0.0
patch_004305,0,0.0,72.94,0,0.0
patch_004306,0,0.0,69.72,0,0.0
patch_004307,0,0.0,95.35,0,0.0
patch_004308,1,39.7712,95.82,2006,2.3014
patch_004309,1,30.4977,83.21,2004,2.747
patch_004310,1,52.217,84.42,2016,0.0
patch_004311,1,60.0004,99.01,2012,0.0
patch_004312,1,64.362,87.71,2024,0.0477
patch_004313,1,40.5108,57.57,2019,0.0
patch_004314,1,88.2818,82.61,2019,0.0
patch_004315,1,92.0747,75.28,2019,0.2595
patch_004316,1,39.5522,72.73,2023,6.9515
patch_004317,1,50.2625,65.53,2023,3.3286
patch_004318,1,20.0382,88.97,2024,0.0
patch_004319,0,0.0,95.03,0,0.0
patch_004320,0,0.0,96.56,0,0.0
patch_004321,0,0.0,85.43,0,0.0
patch_004322,0,0.0,69.74,0,0.0
patch_004323,1,0.2387,78.69,2024,0.0
patch_004324,0,0.0,93.95,0,0.0
patch_004325,0,0.0,95.66,0,0.0
patch_004326,0,0.0,90.75,0,0.0
patch_004327,0,0.0,93.1,0,0.0
patch_004328,1,0.0239,87.85,2012,0.0
patch_004329,0,0.0,88.45,0,0.0
patch_004330,0,0.0,97.17,0,0.0
patch_004331,1,5.0794,96.09,2020,0.0
patch_004332,1,65.1964,94.46,2005,0.1671
patch_004333,1,57.2911,74.96,2004,0.2387
patch_004334,1,53.7015,80.88,2005,1.3791
patch_004335,1,47.1961,67.21,2001,1.0153
patch_004336,1,44.2147,77.32,2004,0.3103
patch_004337,1,41.5311,72.95,2003,0.8653
patch_004338,1,32.9648,55.97,2003,0.324
patch_004339,1,62.1753,96.31,2001,0.0716
patch_004340,1,60.8251,98.93,2022,0.0
patch_004341,1,89.3073,99.29,2004,0.0
patch_004342,1,69.0836,99.31,2018,0.0
patch_004343,1,81.6882,98.8,2004,0.0
patch_004344,1,75.8152,99.04,2021,0.0
patch_004345,1,26.6222,97.99,2004,0.0
patch_004346,1,16.3065,97.52,2019,0.0
patch_004347,1,14.1554,98.82,2019,0.0
patch_004348,1,18.1042,98.89,2016,0.3103
patch_004349,1,29.4916,99.63,2023,0.0239
patch_004350,1,33.033,99.83,2023,0.0
patch_004352,1,30.979,90.99,2022,0.0
patch_004353,1,16.0005,96.77,2021,0.0239
patch_004354,1,49.4226,95.83,2001,0.907
patch_004355,1,38.1397,85.89,2001,0.0
patch_004356,1,8.8929,99.34,2001,0.1193
patch_004357,1,34.6202,91.44,2003,0.6868
patch_004358,1,63.5912,99.52,2003,0.2066
patch_004359,1,73.7772,98.16,2001,0.0716
patch_004360,1,25.8148,99.63,2004,0.0
patch_004361,1,41.2375,83.63,2001,0.0716
patch_004362,1,69.2665,84.56,2004,0.0955
patch_004363,1,44.9438,95.55,2004,0.0
patch_004365,1,30.9595,99.66,2015,0.0
patch_004366,1,0.549,99.76,2015,0.0
patch_004367,0,0.0,99.71,0,0.0
patch_004368,0,0.0,99.59,0,0.0
patch_004369,0,0.0,99.48,0,0.0
patch_004370,0,0.0,99.59,0,0.0
patch_004371,0,0.0,99.63,0,0.0
patch_004372,0,0.0,99.65,0,0.0
patch_004373,0,0.0,99.54,0,0.0
patch_004374,0,0.0,99.53,0,0.0
patch_004375,0,0.0,99.26,0,0.0
patch_004376,0,0.0,99.23,0,0.0
patch_004377,0,0.0,99.32,0,0.0
patch_004378,0,0.0,99.28,0,0.0
patch_004379,0,0.0,99.22,0,0.0
patch_004380,0,0.0,99.09,0,0.0
patch_004381,0,0.0,99.03,0,0.0
patch_004382,1,41.2168,96.92,2016,0.0
patch_004383,1,13.904,99.34,2020,0.0239
patch_004384,1,4.391,99.14,2023,0.0
patch_004385,0,0.0,99.13,0,0.0
patch_004386,0,0.0,99.17,0,0.0
patch_004387,0,0.0,99.2,0,0.0
patch_004388,0,0.0,99.17,0,0.0
patch_004389,1,0.0239,99.09,2001,0.0
patch_004390,0,0.0,99.06,0,0.0
patch_004391,0,0.0,99.02,0,0.0
patch_004392,0,0.0,99.0,0,0.0
patch_004393,0,0.0,98.86,0,0.0
patch_004394,0,0.0,90.1,0,0.0477
patch_004396,1,17.6973,59.27,2010,0.0
patch_004397,1,6.8975,89.25,2001,0.0209
patch_004399,1,33.0977,74.14,2001,0.0447
patch_004400,1,44.2313,91.61,2002,0.0477
patch_004401,1,5.6299,66.81,2010,0.1193
patch_004407,1,97.1284,96.96,2004,0.0
patch_004408,1,70.4723,71.62,2002,0.0
patch_004409,1,23.514,94.38,2004,0.0477
patch_004410,1,13.6428,70.78,2002,0.0239
patch_004416,1,52.4211,62.48,2005,0.0
patch_004417,1,35.1585,58.99,2004,0.7399
patch_004426,1,72.265,83.42,2003,0.2506
patch_004427,1,42.6365,64.11,2010,0.2387
patch_004428,1,28.2691,47.51,2003,0.3103
patch_004441,1,19.1532,65.02,2006,0.5414
patch_004442,1,27.1602,77.63,2004,0.3931
patch_004443,1,28.0287,84.44,2003,0.3168
patch_004446,1,29.1127,63.44,2003,1.5275
patch_004447,1,66.2382,79.6,2004,0.0766
patch_004448,1,73.191,87.14,2004,0.0718
patch_004449,1,59.1337,79.67,2005,0.0
patch_004450,1,50.3377,64.38,2004,0.3073
patch_004451,1,50.5782,91.07,2004,1.778
patch_004452,1,45.6081,94.61,2001,0.0477
patch_004453,1,36.5824,96.74,2002,0.0955
patch_004454,1,17.1244,87.98,2017,0.2387
patch_004458,1,5.3851,75.58,2023,0.0
patch_004459,1,3.2219,73.47,2003,0.2864
patch_004460,1,0.003,99.08,2012,0.0
patch_004461,1,1.626,98.81,2014,0.0
patch_004463,1,4.9998,94.71,2018,0.4922
patch_004465,1,3.6576,68.48,2016,0.0
patch_004466,1,2.2169,95.66,2016,0.0
patch_004467,1,49.0615,97.78,2003,5.6631
patch_004468,1,24.8889,98.59,2002,1.6513
patch_004469,1,0.3569,97.95,2003,0.0
patch_004470,1,12.8034,77.28,2003,0.0955
patch_004471,1,46.1076,57.16,2005,0.1193
patch_004472,1,31.1141,80.08,2005,0.0
patch_004473,1,1.6723,98.84,2016,0.0
patch_004474,1,3.5767,98.88,2004,0.0
patch_004475,0,0.0,99.47,0,0.0
patch_004476,1,16.5394,99.57,2009,0.3341
patch_004477,1,49.1311,99.32,2005,1.247
patch_004478,1,50.708,99.03,2005,0.4296
patch_004479,1,13.1872,93.28,2012,2.2105
patch_004480,1,12.9818,93.87,2014,0.0477
patch_004481,1,37.3401,99.41,2004,0.9786
patch_004482,1,73.3337,93.04,2004,0.1193
patch_004483,1,93.8225,99.45,2010,0.0239
patch_004484,1,58.1436,99.76,2016,0.0955
patch_004485,1,16.755,99.73,2004,0.0716
patch_004486,1,12.2796,99.86,2004,0.0
patch_004487,1,37.5219,99.99,2020,0.0
patch_004488,1,59.3598,97.45,2021,0.0
patch_004489,1,59.2869,98.16,2016,0.1879
patch_004490,1,72.5786,84.46,2016,0.5967
patch_004491,1,47.2572,95.0,2020,0.5251
patch_004492,1,28.8867,98.55,2020,0.0507
patch_004493,1,41.0854,99.57,2016,0.0477
patch_004494,1,54.9418,89.89,2017,0.6295
patch_004495,1,52.3459,78.05,2008,0.3841
patch_004496,1,28.3562,98.42,2007,9.6751
patch_004497,1,28.3717,99.23,2005,0.3073
patch_004498,1,3.6548,98.97,2023,0.0
patch_004499,1,10.1652,96.5,2012,0.4057
patch_004500,1,0.8305,93.35,2009,0.0
patch_004501,1,64.7872,95.42,2002,0.2387
patch_004502,1,51.2461,94.17,2002,0.6951
patch_004503,1,0.4803,99.64,2012,0.0
patch_004504,1,48.9151,78.63,2003,0.3103
patch_004506,1,42.3198,99.77,2003,1.2605
patch_004507,1,4.528,99.88,2022,0.0
patch_004509,1,1.6745,99.99,2016,0.0
patch_004510,1,5.5088,99.94,2019,0.0
patch_004511,1,4.186,99.38,2019,0.0
patch_004512,1,0.0477,99.71,2007,0.0
patch_004513,1,0.0507,99.91,2012,0.0
patch_004514,1,0.1909,99.98,2012,0.0
patch_004515,0,0.0,77.72,0,0.0
patch_004516,1,0.0477,55.04,2012,0.0239
patch_004518,1,0.0239,87.66,2012,0.0
patch_004519,0,0.0,82.44,0,0.0
patch_004520,0,0.0,87.8,0,0.0
patch_004521,1,0.0239,99.62,2002,0.0
patch_004522,1,0.0823,99.28,2002,0.0
patch_004523,1,0.2623,72.0,2010,0.0
patch_004524,0,0.0,67.49,0,0.0
patch_004525,1,22.3827,70.15,2022,0.0
patch_004526,1,0.6519,70.33,2023,0.0
patch_004527,0,0.0,88.05,0,0.0
patch_004528,0,0.0,96.52,0,0.0
patch_004529,1,0.2387,97.38,2025,0.0
patch_004530,0,0.0,97.61,0,0.0
patch_004531,0,0.0,99.01,0,0.0
patch_004532,0,0.0,96.59,0,0.0
patch_004533,0,0.0,92.02,0,0.0
patch_004534,0,0.0,82.48,0,0.0
patch_004535,0,0.0,88.53,0,0.0
patch_004536,1,1.6717,99.05,2010,0.1432
patch_004537,1,49.3941,93.81,2016,0.0
patch_004538,1,64.8079,95.99,2016,0.0
patch_004539,1,24.0724,97.79,2021,0.0
patch_004540,1,43.8267,97.94,2024,0.0
patch_004541,1,66.2665,92.47,2019,0.0955
patch_004542,1,93.1076,74.38,2020,0.0
patch_004543,1,89.7457,78.46,2024,0.0269
patch_004544,1,62.3839,90.31,2024,0.2148
patch_004545,1,92.2641,84.79,2023,0.0239
patch_004546,1,46.473,81.43,2025,1.4837
patch_004547,1,1.1244,92.97,2024,0.0
patch_004548,1,13.4386,96.17,2011,0.0
patch_004549,1,7.3422,83.36,2011,0.0
patch_004550,1,17.7119,91.65,2011,0.0
patch_004551,1,0.0955,98.28,2004,0.0
patch_004552,1,0.0716,99.25,2012,0.0
patch_004553,0,0.0,98.11,0,0.0
patch_004554,1,0.1193,97.25,2018,0.0
patch_004555,0,0.0,93.9,0,0.0
patch_004556,0,0.0,87.97,0,0.0
patch_004557,0,0.0,97.03,0,0.0
patch_004558,1,35.8498,88.19,2019,0.0
patch_004559,1,48.4959,87.09,2019,0.0
patch_004560,1,46.1068,87.39,2002,1.6481
patch_004562,1,46.6549,56.94,2005,0.358
patch_004563,1,72.9391,78.36,2005,1.6888
patch_004564,1,69.0176,78.51,2003,0.3968
patch_004565,1,45.8888,77.08,2004,0.0209
patch_004566,1,52.9682,82.99,2002,0.4058
patch_004567,1,42.7054,86.33,2009,0.0
patch_004568,1,60.4484,99.42,2010,0.0
patch_004569,1,38.8358,99.02,2003,0.0
patch_004570,1,59.5667,94.14,2003,0.0
patch_004571,1,57.4481,98.43,2004,0.0
patch_004572,1,78.0554,98.47,2005,0.0
patch_004573,1,30.9882,97.7,2007,0.0
patch_004574,1,5.4872,96.89,2021,0.0
patch_004575,1,0.9295,97.77,2005,0.0
patch_004576,1,4.3157,98.31,2003,0.1193
patch_004577,1,1.3,99.55,2024,0.0051
patch_004578,1,27.1588,99.37,2022,0.0
patch_004579,1,40.89,99.79,2020,0.0
patch_004580,1,63.0994,91.79,2018,0.0955
patch_004581,1,20.5323,99.05,2010,0.0
patch_004582,1,34.194,85.08,2004,0.0955
patch_004583,1,19.2342,60.58,2001,3.0788
patch_004584,1,28.8363,99.5,2003,0.3373
patch_004585,1,56.7711,85.55,2003,3.4188
patch_004586,1,60.4456,99.46,2004,0.0239
patch_004587,1,82.4765,97.23,2002,0.0955
patch_004588,1,33.0495,99.04,2005,0.1909
patch_004589,1,66.1178,86.09,2003,0.0477
patch_004590,1,59.5315,99.39,2020,0.0716
patch_004591,1,97.5258,99.5,2016,0.0
patch_004592,1,79.1286,99.41,2012,0.0
patch_004593,1,84.4471,97.31,2014,0.0
patch_004594,1,58.3255,99.01,2014,0.0239
patch_004595,1,1.3487,99.57,2010,0.0
patch_004596,0,0.0,99.64,0,0.0
patch_004597,0,0.0,99.49,0,0.0
patch_004598,1,0.0239,99.53,2002,0.0239
patch_004599,0,0.0,99.62,0,0.0
patch_004600,0,0.0,99.47,0,0.0
patch_004601,0,0.0,99.37,0,0.0
patch_004602,0,0.0,99.43,0,0.0
patch_004603,0,0.0,99.47,0,0.0
patch_004604,0,0.0,99.3,0,0.0
patch_004606,0,0.0,99.27,0,0.0
patch_004607,0,0.0,99.19,0,0.0
patch_004608,0,0.0,99.13,0,0.0
patch_004609,0,0.0,99.05,0,0.0
patch_004610,1,17.6699,97.63,2017,0.2148
patch_004611,1,13.193,99.25,2017,0.0477
patch_004612,1,4.0442,99.07,2013,0.0
patch_004613,1,1.5036,99.09,2016,0.0239
patch_004614,0,0.0,99.03,0,0.0
patch_004615,0,0.0,99.07,0,0.0
patch_004616,0,0.0,99.08,0,0.0
patch_004617,0,0.0,99.04,0,0.0
patch_004618,0,0.0,98.93,0,0.0
patch_004619,1,0.1432,98.92,2025,0.0
patch_004620,0,0.0,98.94,0,0.0
patch_004621,0,0.0,98.88,0,0.0
patch_004622,0,0.0,98.1,0,0.0
patch_004623,1,0.8114,94.94,2023,0.0
patch_004624,1,7.4231,95.96,2007,0.0
patch_004625,1,6.21,71.05,2001,0.1462
patch_004628,1,78.7391,79.02,2002,0.0
patch_004637,1,8.4283,59.12,2004,0.0
patch_004640,1,22.1154,64.8,2005,0.1432
patch_004645,1,24.6049,50.99,2004,0.4296
patch_004651,1,21.3666,51.86,2001,0.8593
patch_004654,1,63.2392,71.54,2009,1.6937
patch_004658,1,32.2564,55.86,2003,0.3103
patch_004662,1,38.6553,58.83,2002,3.4639
patch_004665,1,27.1937,64.69,2003,1.098
patch_004666,1,53.9656,96.7,2003,0.0
patch_004669,1,37.6478,62.98,2002,0.6167
patch_004670,1,35.4925,64.19,2017,3.9263
patch_004671,1,55.3606,77.89,2002,0.8639
patch_004672,1,28.4083,70.7,2021,0.1163
patch_004675,1,85.699,89.99,2004,0.0
patch_004676,1,68.596,91.31,2004,0.0
patch_004677,1,24.2016,97.26,2016,0.0716
patch_004678,1,7.3037,97.88,2006,0.0477
patch_004679,1,43.6142,97.31,2002,0.0
patch_004680,1,66.7699,67.64,2003,0.0239
patch_004681,1,52.7331,78.81,2001,0.3055
patch_004682,1,48.4699,87.93,2003,4.7247
patch_004687,1,3.7452,96.84,2002,0.2864
patch_004694,1,3.4549,85.24,2017,0.2148
patch_004695,1,7.8314,99.27,2014,0.0477
patch_004696,1,3.4324,99.11,2014,0.0
patch_004697,0,0.0,99.19,0,0.0
patch_004698,1,0.1671,98.85,2021,0.0
patch_004699,1,31.734,98.09,2005,0.0477
patch_004700,1,57.8321,98.82,2005,0.0
patch_004701,1,70.2143,99.41,2016,0.0
patch_004702,1,58.091,98.1,2016,0.2173
patch_004703,1,29.7718,98.09,2002,0.2864
patch_004704,1,27.72,98.62,2003,0.0477
patch_004705,1,4.3906,99.58,2025,0.0477
patch_004706,1,43.8271,99.77,2025,0.0477
patch_004707,1,62.7157,63.15,2016,6.7608
patch_004708,1,12.6243,88.86,2014,1.5037
patch_004709,1,65.5669,96.38,2016,0.0
patch_004710,1,91.5909,92.26,2004,0.0
patch_004711,1,88.9648,99.26,2010,0.1909
patch_004712,1,59.5244,98.32,2017,0.4535
patch_004713,1,55.2762,99.74,2004,0.0239
patch_004714,1,80.5524,99.67,2004,0.0477
patch_004715,1,40.5425,98.45,2017,0.0
patch_004716,1,68.996,99.74,2016,0.0
patch_004717,1,52.8713,87.98,2016,0.1462
patch_004718,1,63.8656,73.33,2021,5.7841
patch_004719,1,75.3824,98.45,2002,8.2165
patch_004720,1,43.0841,98.4,2002,5.9658
patch_004721,1,33.4728,99.81,2019,0.0
patch_004722,1,58.2645,99.75,2020,0.0
patch_004723,1,66.7177,99.65,2008,0.0
patch_004724,1,42.7009,99.15,2007,8.6046
patch_004725,1,46.1681,99.54,2023,0.1492
patch_004726,1,29.1093,96.76,2022,0.0
patch_004727,1,12.0166,97.68,2020,0.179
patch_004728,1,0.8988,99.55,2008,0.0
patch_004730,1,0.3348,99.41,2011,0.0
patch_004731,1,2.7101,99.66,2006,0.0
patch_004732,1,2.5202,97.92,2024,0.0
patch_004733,1,15.696,86.28,2003,0.5859
patch_004734,1,31.9244,99.08,2005,2.7566
patch_004735,1,0.5967,97.17,2008,0.0239
patch_004736,1,0.7041,98.11,2016,0.0
patch_004737,1,8.2377,99.94,2021,0.0
patch_004738,1,1.098,99.32,2019,0.0
patch_004739,1,0.1223,99.29,2012,0.0
patch_004740,1,0.0239,99.66,2014,0.0
patch_004741,1,1.2173,99.89,2012,0.0
patch_004742,1,0.0239,96.45,2010,0.0
patch_004743,1,0.0239,73.48,2002,0.0955
patch_004746,1,0.0955,99.61,2012,0.0
patch_004747,0,0.0,87.9,0,0.0
patch_004748,0,0.0,86.63,0,0.0
patch_004749,1,0.1432,99.46,2002,0.0
patch_004750,1,0.0477,99.63,2002,0.0
patch_004751,0,0.0,95.43,0,0.0
patch_004752,0,0.0,89.13,0,0.0
patch_004753,0,0.0,84.37,0,0.0
patch_004754,0,0.0,94.84,0,0.0
patch_004755,1,0.0239,93.1,2012,0.0
patch_004756,1,0.0239,99.91,2012,0.0
patch_004757,0,0.0,94.96,0,0.0
patch_004758,0,0.0,90.78,0,0.0
patch_004759,0,0.0,91.06,0,0.0
patch_004760,0,0.0,99.45,0,0.0
patch_004761,0,0.0,98.47,0,0.0
patch_004762,1,0.0239,88.0,2004,0.0
patch_004763,1,0.0239,83.31,2006,0.0
patch_004764,1,3.6937,99.34,2020,0.0
patch_004765,1,71.8405,98.59,2016,0.0
patch_004766,1,44.4529,99.46,2002,0.0
patch_004767,1,22.6047,98.65,2020,0.0
patch_004768,1,51.6593,97.2,2020,0.0
patch_004769,1,90.7516,87.39,2019,0.0
patch_004770,1,78.6179,89.74,2024,0.0
patch_004771,1,49.2652,96.69,2024,2.2868
patch_004772,1,56.4754,75.83,2005,9.4022
patch_004773,1,72.2057,85.34,2024,0.0
patch_004774,1,61.9825,94.21,2025,0.1171
patch_004775,1,36.9312,92.39,2025,0.9003
patch_004776,1,35.2026,96.37,2010,0.0
patch_004777,1,59.6057,97.31,2010,0.0
patch_004778,1,84.7073,98.78,2011,0.0
patch_004779,1,24.1528,95.37,2011,0.0
patch_004780,1,0.0239,97.97,2006,0.0
patch_004781,1,0.0239,92.52,2012,0.0
patch_004782,1,0.2148,83.09,2020,0.0
patch_004783,1,0.0239,92.63,2003,0.0
patch_004784,0,0.0,90.04,0,0.0
patch_004785,1,1.6948,93.02,2023,0.0
patch_004786,1,44.6869,88.76,2018,0.0
patch_004787,1,80.3677,79.66,2018,0.0
patch_004788,1,55.8064,69.75,2002,0.1074
patch_004790,1,55.1694,70.72,2001,2.7838
patch_004791,1,68.406,86.35,2003,1.6709
patch_004792,1,50.4978,62.09,2003,0.749
patch_004793,1,54.6316,62.83,2002,0.5281
patch_004794,1,49.6614,82.48,2002,0.0
patch_004795,1,56.3616,98.77,2009,0.0
patch_004796,1,50.9148,96.36,2004,0.0
patch_004797,1,9.1999,98.58,2004,0.0
patch_004798,1,43.2101,99.37,2015,0.0
patch_004799,1,49.4459,99.12,2004,0.0716
patch_004800,1,76.9929,96.71,2001,0.0
patch_004801,1,78.7812,97.68,2007,0.0
patch_004803,1,48.3972,98.37,2009,0.0
patch_004804,1,35.6045,98.3,2022,0.0
patch_004805,1,70.2311,98.21,2005,0.0
patch_004806,1,31.7062,99.33,2022,0.0
patch_004807,1,86.8985,98.89,2019,0.0
patch_004808,1,88.5268,95.78,2006,0.0028
patch_004809,1,21.6215,95.74,2007,0.1432
patch_004810,1,5.7285,98.78,2001,0.0
patch_004811,1,18.8932,88.55,2001,2.8078
patch_004812,1,1.7933,99.78,2017,0.0
patch_004813,1,10.0622,80.59,2023,0.2148
patch_004814,1,36.1508,99.5,2019,0.0
patch_004815,1,82.793,88.09,2004,0.0477
patch_004816,1,80.3691,98.13,2006,1.3232
patch_004817,1,60.6983,84.25,2002,0.5296
patch_004818,1,34.2824,96.48,2023,0.0
patch_004819,1,86.5069,89.69,2016,0.0716
patch_004820,1,97.5277,98.98,2011,0.0716
patch_004821,1,84.9158,94.19,2016,0.0
patch_004822,1,81.5389,95.38,2002,0.0477
patch_004823,1,66.9159,99.51,2010,0.0
patch_004824,1,2.7796,99.6,2016,0.0
patch_004825,0,0.0,99.58,0,0.0
patch_004826,1,0.2387,99.63,2014,0.0
patch_004827,0,0.0,99.61,0,0.0
patch_004828,0,0.0,99.49,0,0.0
patch_004829,0,0.0,99.34,0,0.0
patch_004830,0,0.0,99.36,0,0.0
patch_004831,0,0.0,99.45,0,0.0
patch_004832,1,0.0239,99.32,2008,0.0
patch_004833,0,0.0,99.31,0,0.0
patch_004834,0,0.0,99.22,0,0.0
patch_004836,0,0.0,99.23,0,0.0
patch_004837,0,0.0,99.04,0,0.0
patch_004838,1,24.2582,96.18,2022,0.0
patch_004839,1,23.1522,98.93,2022,0.0
patch_004840,1,9.9087,99.09,2019,0.0
patch_004841,0,0.0,99.04,0,0.0
patch_004842,0,0.0,99.06,0,0.0
patch_004843,1,0.1671,99.02,2017,0.0
patch_004844,0,0.0,99.07,0,0.0
patch_004845,0,0.0,99.0,0,0.0
patch_004846,0,0.0,98.97,0,0.0
patch_004847,0,0.0,98.98,0,0.0
patch_004848,0,0.0,99.02,0,0.0
patch_004849,0,0.0,98.99,0,0.0
patch_004850,0,0.0,97.97,0,0.0
patch_004851,1,0.0239,96.58,2003,0.0
patch_004852,1,0.3361,96.87,2008,0.0
patch_004853,1,10.1213,93.36,2001,0.0239
patch_004872,1,21.7683,53.25,2006,0.3103
patch_004874,1,17.0359,47.9,2016,0.4535
patch_004885,1,28.271,58.54,2003,0.8116
patch_004886,1,47.8296,60.82,2002,0.6075
patch_004892,1,38.6841,68.64,2003,0.4774
patch_004893,1,6.3385,70.2,2019,0.3551
patch_004894,1,1.6172,60.95,2024,1.9305
patch_004898,1,8.4932,79.09,2009,5.7049
patch_004899,1,39.5309,95.61,2002,0.5819
patch_004900,1,7.6494,73.47,2003,0.9563
patch_004903,1,36.6259,87.07,2004,0.0955
patch_004904,1,32.4795,93.27,2004,0.0
patch_004906,0,0.0,92.93,0,0.0
patch_004907,1,15.1156,97.93,2004,0.0
patch_004908,1,33.3417,97.21,2004,0.0
patch_004909,1,40.7249,78.35,2004,0.4015
patch_004912,1,17.8791,89.83,2002,0.2264
patch_004914,1,0.9309,78.32,2008,0.0
patch_004915,1,1.45,89.59,2010,0.0
patch_004917,1,1.3363,57.65,2011,1.2532
patch_004918,1,7.3894,69.83,2018,0.0717
patch_004919,1,18.5373,70.4,2019,0.9626
patch_004920,1,11.5166,57.18,2010,0.0
patch_004921,1,23.1885,78.99,2003,0.2148
patch_004922,1,0.3829,97.95,2024,0.0
patch_004924,1,0.7161,99.37,2014,0.0
patch_004925,1,0.0239,99.15,2017,0.0
patch_004926,1,41.0562,98.55,2005,0.3312
patch_004927,1,2.7781,97.93,2005,0.0041
patch_004928,1,57.2858,98.18,2016,0.0
patch_004929,1,54.3125,94.53,2016,0.0667
patch_004931,1,74.5575,96.72,2004,1.6149
patch_004932,1,30.5578,98.7,2016,0.7094
patch_004933,1,12.8052,99.43,2025,0.0
patch_004934,1,69.8373,99.59,2024,0.0
patch_004935,1,16.59,80.12,2016,0.3849
patch_004936,1,21.8745,75.74,2012,0.0
patch_004937,1,37.5948,98.57,2016,0.0
patch_004938,1,62.2114,98.79,2004,0.0
patch_004939,1,58.8649,99.09,2018,0.0
patch_004940,1,30.0366,98.57,2018,0.0
patch_004941,1,5.3143,99.16,2005,0.0239
patch_004942,1,28.2217,99.39,2010,0.0
patch_004943,1,17.5822,99.5,2016,0.0
patch_004944,1,24.1746,98.95,2019,0.2336
patch_004945,1,53.1873,95.16,2004,0.2584
patch_004946,1,23.7257,98.4,2005,0.0
patch_004947,1,38.3633,80.27,2002,1.3128
patch_004948,1,18.3755,99.59,2005,0.0716
patch_004949,1,53.762,96.16,2020,0.6445
patch_004950,1,72.0691,99.23,2002,0.0417
patch_004951,1,57.4757,97.17,2004,0.2148
patch_004952,1,65.5423,99.01,2006,2.9035
patch_004953,1,55.4889,98.59,2012,0.1986
patch_004954,1,16.5419,95.17,2021,0.0
patch_004955,1,16.4287,99.29,2004,0.0597
patch_004956,1,42.8757,98.06,2008,0.0239
patch_004957,1,21.9185,96.92,2002,0.0
patch_004958,1,0.2148,99.66,2014,0.0
patch_004959,1,39.4852,98.63,2004,1.1905
patch_004960,1,64.4326,87.49,2004,0.6116
patch_004961,1,13.6321,97.61,2004,0.3819
patch_004962,0,0.0,99.08,0,0.0
patch_004963,1,9.5335,99.34,2025,0.0
patch_004964,1,0.186,99.46,2012,0.0
patch_004965,1,0.1193,99.56,2012,0.0
patch_004966,1,0.0477,99.94,2010,0.0
patch_004967,1,0.0477,99.23,2001,0.0
patch_004968,1,0.2626,99.7,2024,0.0
patch_004969,1,0.9309,99.1,2007,0.0
patch_004970,1,0.0477,60.64,2010,0.0
patch_004974,0,0.0,99.05,0,0.0
patch_004975,1,0.0239,98.58,2002,0.0
patch_004976,1,0.1671,97.97,2012,0.0
patch_004977,1,0.1193,99.65,2011,0.0
patch_004978,1,0.0477,99.68,2013,0.0
patch_004979,0,0.0,97.66,0,0.0
patch_004980,0,0.0,96.25,0,0.0
patch_004981,1,0.0239,98.79,2012,0.0
patch_004982,0,0.0,98.21,0,0.0
patch_004983,0,0.0,98.52,0,0.0
patch_004984,0,0.0,98.59,0,0.0
patch_004985,1,0.0239,91.02,2012,0.0
patch_004986,0,0.0,78.99,0,0.0477
patch_004987,0,0.0,89.57,0,0.0
patch_004988,0,0.0,97.99,0,0.0
patch_004989,1,0.0239,99.23,2012,0.0
patch_004990,0,0.0,86.18,0,0.0
patch_004991,0,0.0,90.43,0,0.0
patch_004992,1,15.7105,98.94,2016,0.0
patch_004993,1,47.738,99.58,2017,0.0
patch_004994,1,65.9924,98.1,2019,0.0
patch_004995,1,47.6361,98.48,2020,0.0
patch_004996,1,64.3593,96.85,2019,0.0
patch_004997,1,94.9608,91.23,2019,0.0
patch_004998,1,60.1553,97.25,2024,0.0
patch_004999,1,65.1127,86.5,2025,0.0
patch_005000,1,36.4776,79.58,2025,0.0
patch_005001,1,0.009,89.73,2025,0.0
patch_005002,1,0.5312,90.01,2025,0.0
patch_005003,1,15.1168,83.64,2017,1.6232
patch_005004,1,36.4514,93.7,2010,0.3819
patch_005005,1,31.1927,98.63,2010,0.0
patch_005006,1,17.2213,91.52,2009,0.0
patch_005007,1,30.5916,97.99,2011,0.0
patch_005008,1,0.0303,96.34,2018,0.0
patch_005009,1,0.0239,91.07,2010,0.0
patch_005010,1,3.9969,88.64,2011,0.0
patch_005011,1,2.4885,95.44,2011,0.0
patch_005012,0,0.0,90.03,0,0.0
patch_005013,1,15.0806,90.47,2022,0.0
patch_005014,1,33.3456,83.87,2023,0.0
patch_005015,1,1.2574,91.71,2023,0.0
patch_005016,1,49.3261,60.53,2006,0.4231
patch_005017,1,54.1241,73.84,2004,0.0955
patch_005018,1,32.8218,70.99,2002,0.2716
patch_005019,1,66.8933,81.58,2002,0.0477
patch_005020,1,40.026,62.66,2003,0.0955
patch_005021,1,45.7632,93.08,2007,0.3103
patch_005022,1,77.3991,99.32,2019,0.0716
patch_005023,1,35.013,99.52,2016,0.0
patch_005024,1,16.883,99.05,2004,0.0
patch_005025,1,30.2999,97.43,2002,0.2382
patch_005026,1,14.7487,98.2,2024,0.0629
patch_005027,1,32.5473,99.61,2004,0.0
patch_005028,1,56.7773,98.45,2001,0.0716
patch_005029,1,70.9017,97.86,2022,0.0955
patch_005030,1,34.8565,98.04,2021,0.0
patch_005031,1,58.7679,99.28,2012,0.0
patch_005033,1,86.929,98.87,2004,0.0
patch_005034,1,3.0598,99.33,2014,0.0
patch_005035,1,15.3561,98.46,2020,0.0
patch_005036,1,54.5279,76.38,2007,0.0
patch_005037,1,6.8845,89.31,2005,0.0477
patch_005038,1,6.252,99.43,2001,0.0
patch_005039,1,27.9551,91.69,2006,0.1045
patch_005040,1,1.2205,96.78,2017,0.0
patch_005041,1,27.1815,76.1,2006,0.0239
patch_005042,1,83.3727,99.37,2005,0.0239
patch_005043,1,99.5343,99.38,2006,0.1671
patch_005044,1,93.6017,99.6,2006,0.0239
patch_005045,1,56.2825,91.34,2003,0.3342
patch_005046,1,26.9234,97.85,2016,0.0
patch_005047,1,86.8726,93.64,2016,0.0239
patch_005048,1,90.2492,84.77,2011,0.2865
patch_005049,1,93.1599,93.95,2002,0.0239
patch_005050,1,89.0696,88.95,2007,0.0
patch_005051,1,93.0459,99.38,2003,0.0955
patch_005052,1,10.4235,99.4,2008,0.0716
patch_005053,0,0.0,99.57,0,0.0
patch_005054,1,0.0209,99.41,2001,0.0
patch_005055,1,0.0656,98.76,2007,0.3564
patch_005056,0,0.0,99.4,0,0.0064
patch_005057,0,0.0,99.15,0,0.0
patch_005058,0,0.0,99.36,0,0.0
patch_005059,0,0.0,99.46,0,0.0
patch_005060,0,0.0,99.27,0,0.0
patch_005061,0,0.0,99.28,0,0.0
patch_005062,0,0.0,99.19,0,0.0
patch_005063,0,0.0,99.11,0,0.0
patch_005064,0,0.0,99.03,0,0.0955
patch_005065,1,0.3199,98.79,2002,0.2244
patch_005066,1,17.207,94.79,2023,1.318
patch_005067,1,43.4501,98.26,2022,0.0
patch_005068,1,5.782,99.07,2025,0.0
patch_005069,0,0.0,99.05,0,0.0
patch_005070,0,0.0,99.06,0,0.0
patch_005071,1,0.2805,99.06,2018,0.0
patch_005072,0,0.0,99.04,0,0.0
patch_005073,1,0.1194,99.03,2016,0.0
patch_005074,0,0.0,99.03,0,0.0
patch_005075,0,0.0,99.06,0,0.0
patch_005076,0,0.0,99.04,0,0.0
patch_005077,0,0.0,98.95,0,0.0
patch_005078,0,0.0,99.06,0,0.0
patch_005079,1,0.3342,98.13,2014,0.0
patch_005080,0,0.0,98.27,0,0.0
patch_005081,1,0.5043,96.53,2011,0.1194
patch_005082,1,23.579,64.27,2006,0.2387
patch_005084,1,37.5881,63.25,2006,0.1671
patch_005085,1,35.6947,86.15,2005,0.1432
patch_005086,1,77.2335,82.78,2009,0.0239
patch_005087,1,81.8734,83.04,2001,0.0
patch_005089,1,8.9439,60.72,2017,0.1402
patch_005090,1,20.2429,62.28,2017,0.2149
patch_005091,1,26.0172,63.88,2003,0.2805
patch_005096,1,37.1538,66.85,2007,0.0
patch_005098,1,40.672,79.42,2002,1.2561
patch_005100,1,38.4614,57.5,2009,0.2148
patch_005114,1,60.9337,77.76,2002,0.0213
patch_005120,1,12.5464,56.5,2003,0.1291
patch_005125,1,45.221,80.33,2002,5.3861
patch_005126,1,21.2743,90.15,2006,0.0
patch_005127,1,52.6122,84.74,2002,0.2149
patch_005128,1,33.8029,60.86,2002,1.3368
patch_005131,1,10.2031,88.22,2025,0.0239
patch_005132,1,6.4932,68.32,2024,1.1741
patch_005133,1,10.363,70.68,2005,1.2589
patch_005134,1,5.0158,63.83,2023,0.0789
patch_005136,1,22.2602,70.65,2020,0.0
patch_005137,1,10.4208,57.38,2019,0.0477
patch_005138,1,24.9967,45.61,2019,0.9012
patch_005139,1,10.1121,58.17,2001,0.0477
patch_005140,1,14.6444,69.06,2002,0.0
patch_005142,1,21.7403,58.61,2007,2.0636
patch_005143,1,22.0584,89.18,2014,3.8295
patch_005146,1,2.511,99.21,2008,0.4449
patch_005147,1,10.5461,78.75,2008,0.7943
patch_005148,1,12.5967,57.36,2003,0.0716
patch_005149,1,6.013,57.25,2003,0.0716
patch_005150,1,0.2089,98.92,2022,0.0
patch_005151,1,0.2387,99.6,2021,0.0
patch_005152,1,18.7253,99.29,2004,0.0
patch_005153,1,24.5416,75.49,2025,0.0477
patch_005154,1,35.9668,59.7,2006,0.1224
patch_005155,1,10.1784,80.52,2018,0.719
patch_005156,1,32.0667,97.71,2001,0.0192
patch_005157,1,39.574,78.05,2002,0.3819
patch_005158,1,3.6845,77.83,2025,0.0
patch_005159,1,53.2845,98.7,2004,2.2976
patch_005160,1,5.0047,98.87,2016,0.0
patch_005161,1,6.8849,99.11,2006,1.4472
patch_005162,1,66.4687,99.45,2025,0.0
patch_005163,1,65.9874,98.84,2024,0.0
patch_005164,1,17.8364,50.78,2012,0.0239
patch_005165,1,10.9311,99.52,2021,0.0
patch_005166,1,77.1392,98.07,2011,0.0
patch_005167,1,80.2022,88.46,2014,0.0
patch_005168,1,29.3257,99.41,2019,0.0
patch_005169,1,0.0955,99.7,2011,0.0
patch_005170,1,14.522,98.33,2018,0.0
patch_005171,1,38.392,99.89,2016,0.0
patch_005172,1,58.3622,79.72,2019,0.7848
patch_005173,1,78.8315,92.08,2006,0.0955
patch_005174,1,11.4335,99.63,2007,0.4774
patch_005175,1,30.7438,98.56,2001,0.0646
patch_005176,1,31.8448,87.08,2002,1.0482
patch_005177,1,18.0017,99.63,2002,0.076
patch_005178,1,68.8371,92.78,2002,0.1253
patch_005179,1,34.1437,61.14,2004,0.2148
patch_005180,1,80.3021,97.72,2007,0.3252
patch_005182,1,7.4359,99.77,2011,0.0
patch_005183,1,51.6429,99.69,2004,0.5968
patch_005184,1,34.2735,99.71,2008,0.4267
patch_005185,1,5.3966,99.88,2002,0.0
patch_005186,1,0.5803,99.7,2024,0.0
patch_005187,1,29.4142,97.08,2004,2.2453
patch_005188,1,49.2962,68.07,2016,1.8205
patch_005189,1,29.0528,98.93,2016,0.6338
patch_005190,1,0.5815,98.13,2023,0.0
patch_005191,1,8.3933,95.75,2003,0.0
patch_005192,1,2.6702,99.49,2006,0.0
patch_005193,1,0.3073,99.41,2005,0.0
patch_005194,1,0.0716,99.91,2012,0.0
patch_005195,1,0.0239,99.26,2005,0.0
patch_005196,0,0.0,99.35,0,0.0
patch_005197,1,0.0477,68.08,2009,0.0
patch_005200,1,0.0898,99.31,2012,0.0
patch_005201,1,0.0955,73.71,2007,0.0
patch_005202,1,0.0239,97.52,2014,0.0
patch_005203,0,0.0,99.87,0,0.0
patch_005204,0,0.0,99.65,0,0.0
patch_005205,1,0.0239,99.7,2012,0.0
patch_005206,1,0.0239,98.52,2012,0.0
patch_005207,0,0.0,94.96,0,0.0
patch_005208,1,0.0239,90.55,2012,0.0
patch_005209,0,0.0,90.27,0,0.0
patch_005210,0,0.0,98.73,0,0.0
patch_005211,1,0.1194,98.98,2010,0.0
patch_005212,0,0.0,91.32,0,0.0
patch_005213,0,0.0,97.63,0,0.0
patch_005214,0,0.0,99.21,0,0.0
patch_005215,0,0.0,98.07,0,0.0
patch_005216,0,0.0,92.51,0,0.0
patch_005217,0,0.0,99.53,0,0.0
patch_005218,0,0.0,96.56,0,0.0
patch_005219,0,0.0,95.29,0,0.0
patch_005220,1,0.5043,99.2,2017,0.0
patch_005221,1,3.348,99.7,2021,0.0
patch_005222,1,36.1908,99.36,2020,0.0
patch_005223,1,90.0194,96.67,2020,0.0
patch_005224,1,60.0316,97.03,2019,0.0
patch_005226,1,15.0052,99.09,2024,0.0955
patch_005227,1,12.0451,92.9,2024,0.0
patch_005228,1,0.549,99.0,2012,0.0
patch_005229,0,0.0,93.99,0,0.0
patch_005230,0,0.0,78.5,0,0.0
patch_005231,1,1.0742,91.83,2010,0.0
patch_005232,1,15.2178,75.22,2010,0.0209
patch_005233,1,24.9879,97.53,2010,0.0
patch_005234,1,31.3029,98.34,2009,0.0
patch_005235,1,33.1371,98.39,2009,0.0
patch_005236,0,0.0,95.9,0,0.0
patch_005237,1,6.5762,94.6,2011,0.0
patch_005238,1,54.6483,96.82,2010,0.0
patch_005239,1,36.9536,97.56,2011,0.0
patch_005240,1,55.6028,95.08,2011,0.0
patch_005241,1,21.684,96.88,2010,0.0
patch_005242,1,11.9926,95.26,2011,0.0
patch_005243,1,9.7218,91.04,2011,0.0
patch_005244,1,72.4613,70.69,2003,0.3114
patch_005245,1,59.0589,89.31,2006,0.5289
patch_005247,1,64.7829,95.43,2004,0.0716
patch_005248,1,6.3295,99.64,2002,0.0
patch_005249,1,59.593,97.23,2004,2.2918
patch_005250,1,16.8751,99.44,2018,0.0
patch_005251,1,1.0265,92.76,2007,3.1075
patch_005252,1,18.1275,94.9,2003,3.5127
patch_005253,1,56.1572,94.47,2002,0.0
patch_005254,1,12.9107,97.27,2002,0.0
patch_005255,1,39.1359,99.4,2004,0.1432
patch_005256,1,61.217,86.21,2001,0.1194
patch_005257,1,68.7221,98.12,2004,0.0
patch_005258,1,39.0329,97.86,2007,0.0
patch_005259,1,9.8916,96.24,2006,0.0
patch_005260,1,62.5922,97.43,2005,0.0
patch_005261,1,14.9254,97.83,2004,0.0477
patch_005262,1,0.0239,99.05,2012,0.0
patch_005263,1,0.6038,98.99,2022,0.0
patch_005264,1,50.8957,81.76,2013,0.0477
patch_005266,1,2.3811,99.79,2013,0.0
patch_005267,1,1.1668,99.08,2024,0.0209
patch_005268,1,8.1879,99.35,2002,0.1748
patch_005269,1,48.5933,77.19,2002,0.9788
patch_005270,1,73.1384,99.27,2002,0.0955
patch_005271,1,84.4149,95.91,2002,0.7401
patch_005272,1,58.987,98.76,2007,0.0686
patch_005273,1,79.1543,83.7,2001,0.1194
patch_005274,1,64.6569,98.1,2016,0.0
patch_005275,1,73.6383,98.71,2016,0.0
patch_005276,1,78.1913,97.78,2009,0.0
patch_005277,1,90.5562,90.61,2003,0.1194
patch_005278,1,87.7835,91.69,2002,0.0
patch_005280,1,20.6513,97.44,2010,0.0477
patch_005282,1,0.194,98.33,2020,0.0
patch_005283,1,0.2447,99.19,2020,0.0
patch_005284,1,0.0239,99.42,2012,0.0
patch_005285,0,0.0,99.25,0,0.0
patch_005286,0,0.0,99.57,0,0.0
patch_005287,0,0.0,99.47,0,0.0
patch_005288,0,0.0,99.35,0,0.0
patch_005289,1,0.3581,97.77,2013,0.0
patch_005290,0,0.0,98.68,0,0.0
patch_005291,0,0.0,98.66,0,0.0
patch_005293,1,5.7584,98.25,2001,0.6905
patch_005294,1,11.1443,90.38,2025,0.8944
patch_005295,1,25.4811,98.62,2017,0.0
patch_005296,0,0.0,99.01,0,0.0
patch_005297,0,0.0,99.07,0,0.0
patch_005298,0,0.0,99.1,0,0.0
patch_005299,1,0.006,99.03,2018,0.0
patch_005300,0,0.0,99.02,0,0.0
patch_005301,0,0.0,99.07,0,0.0
patch_005302,0,0.0,99.08,0,0.0
patch_005303,0,0.0,99.1,0,0.0
patch_005305,0,0.0,98.94,0,0.0
patch_005306,0,0.0,98.36,0,0.0
patch_005307,0,0.0,97.96,0,0.0
patch_005308,0,0.0,98.65,0,0.0
patch_005309,0,0.0,98.87,0,0.0
patch_005310,1,3.8445,85.99,2002,0.0239
patch_005312,1,54.0259,67.88,2005,0.0
patch_005314,1,47.9001,80.1,2010,0.1671
patch_005320,1,34.0857,63.47,2006,1.3757
patch_005324,1,18.6245,49.95,2008,0.2149
patch_005339,1,10.143,53.43,2011,0.5043
patch_005340,1,2.8669,58.74,2021,0.6207
patch_005342,1,43.0427,59.4,2002,0.0955
patch_005348,1,9.1484,57.69,2021,0.0955
patch_005354,1,26.6041,64.48,2006,0.1194
patch_005358,1,6.5662,85.83,2020,1.8388
patch_005359,1,2.2522,56.08,2002,0.0
patch_005368,1,19.4206,61.43,2001,0.2149
patch_005371,1,31.1167,83.14,2011,3.2943
patch_005372,1,4.1234,91.4,2013,0.0
patch_005373,1,4.6196,93.71,2012,0.1432
patch_005374,1,42.3989,91.12,2003,2.9453
patch_005375,1,25.5065,94.91,2004,0.2656
patch_005376,1,1.8766,98.58,2003,0.0
patch_005377,1,2.0261,94.88,2003,0.0
patch_005378,1,49.7874,97.83,2025,0.7132
patch_005379,1,47.0683,99.1,2006,1.0027
patch_005380,1,42.7972,94.14,2007,0.4058
patch_005381,1,29.474,61.69,2025,0.9072
patch_005386,1,66.9347,54.93,2022,4.5597
patch_005387,1,10.098,97.74,2024,0.0
patch_005388,1,29.2109,97.61,2006,0.0
patch_005389,1,74.3528,99.04,2005,0.0806
patch_005390,1,89.1293,98.5,2017,0.0
patch_005391,1,41.5461,76.69,2025,0.0
patch_005392,1,8.5135,54.0,2010,0.0477
patch_005393,1,63.71,98.46,2014,0.0
patch_005394,1,74.7877,89.49,2016,0.4297
patch_005396,1,69.7305,80.53,2017,0.5597
patch_005397,1,30.942,81.58,2013,3.2235
patch_005398,1,18.3289,95.39,2016,1.2653
patch_005399,1,34.389,99.68,2012,0.0743
patch_005400,1,17.1505,94.28,2020,0.9072
patch_005401,1,18.9723,99.6,2007,0.0
patch_005402,1,1.1263,99.62,2004,0.1432
patch_005403,1,13.9811,95.97,2021,0.185
patch_005404,1,14.1661,99.08,2012,0.0716
patch_005405,1,19.295,97.94,2016,0.2503
patch_005406,1,33.8569,95.46,2016,0.2208
patch_005407,1,59.8001,85.86,2007,1.7233
patch_005408,1,64.2845,98.68,2007,4.7469
patch_005409,1,31.3963,96.24,2007,0.191
patch_005410,1,27.848,98.88,2004,0.0477
patch_005411,1,92.888,99.75,2004,0.0447
patch_005412,1,37.4826,99.53,2003,0.576
patch_005413,1,0.2626,99.89,2021,0.0
patch_005414,1,4.801,99.76,2004,0.2865
patch_005415,1,38.6406,99.5,2002,0.779
patch_005416,0,0.0,99.92,0,0.0
patch_005417,1,38.0482,99.8,2022,0.0477
patch_005418,1,4.1972,98.89,2023,0.0
patch_005419,1,5.1177,99.29,2003,0.0
patch_005420,1,8.3752,99.75,2004,0.0
patch_005421,1,26.3506,99.46,2004,0.0
patch_005422,1,0.4223,99.9,2024,0.0
patch_005423,1,0.7668,99.64,2024,0.0
patch_005424,1,0.1432,99.97,2012,0.0
patch_005425,1,0.2387,61.86,2012,0.0
patch_005427,1,0.1194,79.5,2012,0.0
patch_005428,1,0.0239,98.09,2012,0.0
patch_005429,1,0.0716,99.83,2012,0.0
patch_005430,1,0.0239,99.9,2012,0.0
patch_005431,1,0.69,99.46,2024,0.0
patch_005432,1,6.3619,99.63,2024,0.0
patch_005433,1,0.0239,96.56,2017,0.0
patch_005434,1,0.0477,97.77,2012,0.0
patch_005435,0,0.0,98.39,0,0.0
patch_005436,0,0.0,95.43,0,0.0
patch_005437,1,0.2149,97.64,2004,0.0
patch_005438,0,0.0,99.18,0,0.0
patch_005439,0,0.0,92.74,0,0.0
patch_005440,0,0.0,93.04,0,0.0
patch_005441,0,0.0,81.42,0,0.0
patch_005442,0,0.0,75.74,0,0.0
patch_005443,0,0.0,94.93,0,0.0
patch_005444,0,0.0,99.74,0,0.0
patch_005445,0,0.0,99.78,0,0.0
patch_005446,0,0.0,99.85,0,0.0
patch_005447,1,0.0239,99.45,2017,0.0
patch_005448,1,0.0477,98.06,2017,0.0
patch_005449,0,0.0,98.6,0,0.0
patch_005450,1,11.1891,99.56,2020,0.0
patch_005451,1,16.1178,99.76,2020,0.0
patch_005452,1,8.7009,99.33,2023,0.0
patch_005453,1,5.7493,98.77,2024,0.0
patch_005454,1,1.0265,97.67,2019,0.0
patch_005455,1,0.7519,97.16,2019,0.0
patch_005456,1,3.5994,90.15,2024,0.0
patch_005457,1,36.8377,83.44,2018,0.0
patch_005458,1,0.4297,77.38,2024,0.0
patch_005459,1,3.8764,92.23,2010,0.0
patch_005460,1,34.8822,87.75,2009,0.3372
patch_005461,1,14.5185,89.22,2009,0.0477
patch_005462,1,38.9649,97.75,2010,0.0
patch_005463,1,38.3434,96.0,2010,0.0
patch_005464,1,0.0955,93.4,2012,0.0
patch_005465,1,46.9248,91.25,2023,0.0
patch_005466,1,54.5517,95.05,2024,0.5252
patch_005467,1,44.8684,93.3,2010,0.5729
patch_005468,1,57.5523,95.0,2009,0.0239
patch_005469,1,60.3121,95.97,2010,0.0
patch_005470,1,63.0839,93.1,2010,0.0
patch_005471,1,29.0503,93.37,2011,0.0
patch_005473,1,28.4179,81.4,2002,4.8025
patch_005475,1,41.9286,88.65,2004,0.3298
patch_005476,1,1.3726,98.24,2007,0.0477
patch_005477,1,67.6995,89.96,2002,0.3581
patch_005478,1,13.7609,86.28,2017,3.0588
patch_005479,1,19.9346,55.18,2016,5.2318
patch_005480,1,40.9112,79.26,2002,5.0108
patch_005481,1,78.4546,85.32,2002,0.0716
patch_005482,1,48.439,96.77,2020,0.185
patch_005483,1,21.0342,97.53,2020,0.0
patch_005484,1,68.3623,96.22,2003,0.1671
patch_005485,1,58.9994,98.0,2004,0.0
patch_005486,1,3.8703,91.55,2019,0.0
patch_005487,1,16.0366,94.23,2020,0.0
patch_005488,1,64.115,75.86,2020,0.0
patch_005489,1,32.4043,86.05,2021,0.0
patch_005490,1,34.0932,98.21,2020,0.0
patch_005491,1,27.4425,99.29,2022,0.0
patch_005492,1,35.7606,97.37,2021,0.0
patch_005493,1,1.0353,97.63,2014,0.1671
patch_005494,1,3.1711,98.1,2024,0.0
patch_005495,1,4.8867,92.34,2011,0.0
patch_005496,1,16.0582,97.85,2002,0.0239
patch_005497,1,44.7213,95.67,2002,3.5746
patch_005498,1,92.1859,99.58,2002,1.2875
patch_005499,1,82.9086,97.36,2002,0.3554
patch_005500,1,78.6782,98.59,2006,0.2252
patch_005501,1,80.8428,79.27,2002,0.0716
patch_005502,1,86.5706,99.04,2016,0.0
patch_005503,1,90.2228,98.6,2002,0.0
patch_005504,1,60.6851,98.96,2002,0.0
patch_005505,1,89.4493,90.22,2005,0.0
patch_005506,1,59.9661,97.28,2010,0.0955
patch_005507,1,41.0904,98.21,2010,0.0
patch_005508,1,30.5605,88.22,2010,0.0
patch_005509,1,45.2751,93.91,2009,0.0
patch_005510,1,1.6581,92.29,2002,0.4775
patch_005511,0,0.0,99.28,0,0.0
patch_005512,0,0.0,99.63,0,0.0
patch_005513,0,0.0,99.38,0,0.0
patch_005514,0,0.0,99.31,0,0.0239
patch_005515,0,0.0,99.26,0,0.0
patch_005516,0,0.0,99.32,0,0.0
patch_005517,1,0.0477,99.14,2001,0.0
patch_005518,0,0.0,98.08,0,0.0
patch_005519,0,0.0,98.93,0,0.0
patch_005520,0,0.0,98.92,0,0.0
patch_005521,1,6.7601,98.0,2025,0.0
patch_005522,1,10.6043,96.54,2023,0.0239
patch_005523,1,35.7067,95.37,2003,3.2708
patch_005524,1,13.8965,97.49,2018,0.2387
patch_005525,1,2.9067,99.0,2016,0.0418
patch_005526,0,0.0,99.07,0,0.0
patch_005527,0,0.0,99.02,0,0.0
patch_005528,0,0.0,99.06,0,0.0
patch_005530,0,0.0,99.08,0,0.0
patch_005531,0,0.0,98.98,0,0.0
patch_005532,0,0.0,98.93,0,0.0
patch_005533,0,0.0,98.76,0,0.0
patch_005534,0,0.0,98.49,0,0.0
patch_005535,0,0.0,98.06,0,0.0
patch_005536,0,0.0,98.55,0,0.0
patch_005537,1,1.1803,96.67,2023,0.0
patch_005545,1,27.8594,54.53,2019,0.0955
patch_005546,1,44.2321,84.37,2018,0.0955
patch_005548,1,6.4439,56.27,2011,0.379
patch_005551,1,21.6044,42.46,2003,0.576
patch_005702,1,24.8339,66.96,2002,2.6045
patch_005703,1,23.4091,83.35,2017,1.1457
patch_005704,1,27.4607,77.61,2021,0.9073
patch_005705,1,48.9061,78.61,2002,2.1249
patch_005706,1,30.2179,80.75,2010,0.0239
patch_005707,1,57.9688,83.11,2002,1.8295
patch_005708,1,44.065,66.57,2002,0.5162
patch_005709,1,71.1261,67.93,2002,0.0
patch_005710,1,55.1927,79.18,2004,1.3192
patch_005711,1,33.1286,98.85,2009,0.0
patch_005712,1,44.4971,96.56,2003,0.0955
patch_005713,1,90.9178,95.33,2001,0.0
patch_005714,1,65.6001,90.5,2015,0.0
patch_005715,1,39.5316,79.76,2019,0.0
patch_005716,1,12.7385,56.16,2020,0.0
patch_005717,1,35.6641,67.72,2018,0.0
patch_005718,1,81.1855,98.35,2018,0.0478
patch_005719,1,29.8505,99.37,2021,0.0
patch_005720,1,77.8797,97.32,2020,0.0
patch_005721,1,75.3576,98.55,2018,0.0478
patch_005722,1,29.9624,94.85,2002,0.0239
patch_005723,1,7.738,81.92,2018,0.0955
patch_005724,1,81.7892,99.43,2019,0.0745
patch_005725,1,81.107,93.95,2001,0.5264
patch_005726,1,71.7365,99.27,2018,0.0054
patch_005727,1,67.8567,81.8,2019,0.5491
patch_005728,1,64.7591,99.03,2004,0.0716
patch_005729,1,71.6884,78.22,2002,0.191
patch_005730,1,89.4313,98.55,2006,0.0
patch_005731,1,69.9184,93.42,2002,0.0
patch_005732,1,65.5616,98.29,2002,0.0
patch_005733,1,76.1634,90.1,2009,0.0209
patch_005734,1,76.0458,91.86,2009,0.0478
patch_005735,1,67.3672,72.26,2009,0.0716
patch_005736,1,66.2018,79.35,2010,0.0
patch_005737,1,52.527,66.04,2001,3.0739
patch_005738,1,22.9016,86.3,2001,0.4775
patch_005739,1,4.1216,99.28,2001,0.0478
patch_005740,1,2.5691,95.51,2024,0.3074
patch_005741,1,0.0206,99.63,2012,0.0
patch_005742,1,0.0361,99.48,2012,0.0
patch_005743,0,0.0,99.43,0,0.0
patch_005744,0,0.0,99.29,0,0.0
patch_005745,1,0.0239,97.05,2004,0.0
patch_005746,0,0.0,97.92,0,0.0
patch_005747,1,0.4873,98.38,2003,0.0
patch_005748,1,5.9939,98.39,2025,0.0
patch_005749,1,16.0445,96.94,2025,0.0
patch_005750,1,10.0406,97.55,2023,0.0
patch_005751,1,41.9383,98.36,2017,0.0
patch_005752,1,27.8119,92.53,2016,0.0
patch_005753,1,13.9624,95.36,2017,0.77
patch_005754,1,11.387,98.67,2003,0.5998
patch_005755,1,0.9789,99.01,2013,0.0
patch_005756,0,0.0,99.03,0,0.0
patch_005757,0,0.0,99.06,0,0.0
patch_005758,0,0.0,99.07,0,0.0
patch_005759,0,0.0,98.93,0,0.0
patch_005760,0,0.0,98.91,0,0.0
patch_005761,0,0.0,98.58,0,0.0
patch_005763,0,0.0,97.59,0,0.0
patch_005764,1,0.1433,97.83,2003,0.0
patch_005765,1,9.04,88.98,2006,0.191
patch_005767,1,10.3542,60.23,2002,0.0448
patch_005768,1,73.2176,90.73,2002,0.1433
patch_005772,1,29.9309,77.03,2001,0.9312
patch_005773,1,25.6456,67.7,2006,0.1671
patch_005774,1,19.0438,57.99,2006,0.9073
patch_005778,1,33.0836,62.48,2005,0.13
patch_005928,1,51.9686,53.22,2001,0.0
patch_005930,1,3.752,73.56,2002,0.3253
patch_005938,1,50.5271,64.24,2020,1.8147
patch_005939,1,76.3899,86.13,2001,0.4298
patch_005940,1,88.881,99.35,2005,0.0
patch_005941,1,41.066,95.46,2003,1.0267
patch_005942,1,63.4744,77.78,2002,0.188
patch_005943,1,15.9369,88.77,2010,0.0
patch_005944,1,47.4271,95.67,2009,0.0
patch_005945,1,90.4582,94.93,2002,0.0478
patch_005946,1,80.9713,94.98,2003,0.0
patch_005947,1,49.479,99.19,2020,0.0
patch_005948,1,96.1815,94.94,2020,0.0
patch_005949,1,99.3846,96.97,2019,0.5731
patch_005951,1,33.6842,97.54,2022,0.0209
patch_005952,1,1.8893,99.6,2020,0.0
patch_005953,1,26.0728,71.82,2018,0.2865
patch_005954,1,58.9117,59.4,2002,0.0955
patch_005955,1,79.2289,85.36,2002,0.1671
patch_005956,1,77.0139,99.14,2010,0.0
patch_005957,1,91.0421,95.36,2004,0.0239
patch_005958,1,85.262,98.9,2002,0.0716
patch_005959,1,74.658,87.7,2006,0.0239
patch_005960,1,29.9071,99.22,2009,0.0955
patch_005961,1,48.3431,71.91,2001,0.003
patch_005962,1,69.5717,97.79,2002,0.0
patch_005963,1,54.0397,98.41,2009,0.0716
patch_005964,1,95.9168,96.66,2009,0.0686
patch_005966,1,5.0419,74.84,2002,0.6447
patch_005967,1,12.2139,98.89,2003,0.597
patch_005969,1,10.5049,88.57,2024,0.0
patch_005970,0,0.0,99.47,0,0.0
patch_005971,0,0.0,99.47,0,0.0
patch_005972,0,0.0,99.11,0,0.0
patch_005973,1,0.6447,96.03,2020,0.0
patch_005974,1,1.0507,97.42,2020,0.0
patch_005975,1,2.9785,97.97,2025,0.0
patch_005976,1,9.4396,97.92,2025,0.0
patch_005977,1,1.6053,95.34,2025,0.0
patch_005978,1,19.4645,97.7,2025,0.0
patch_005979,1,5.0048,98.83,2025,0.0
patch_005980,1,1.7789,98.91,2023,0.0
patch_005981,1,3.7565,97.66,2016,0.0
patch_005982,1,12.6926,91.99,2016,0.4269
patch_005983,1,8.9932,98.77,2018,0.0
patch_005984,1,1.5827,96.11,2007,0.0
patch_005985,1,0.0466,98.36,2010,0.0
patch_005986,1,0.2149,99.03,2020,0.0
patch_005988,0,0.0,98.21,0,0.0
patch_005989,0,0.0,98.72,0,0.0
patch_005990,0,0.0,98.09,0,0.0
patch_005991,1,0.0478,96.15,2006,0.0
patch_005992,1,0.9312,85.84,2010,0.0478
patch_005993,1,26.2676,94.66,2003,0.1672
patch_005994,1,70.5686,87.26,2002,0.191
patch_005995,1,29.7072,92.69,2002,0.0746
patch_005996,1,17.854,92.84,2006,0.0955
patch_005999,1,21.3632,73.47,2020,1.105
patch_006156,1,52.4483,67.35,2004,0.0812
patch_006157,1,16.7494,52.73,2004,0.0
patch_006158,1,25.1485,77.83,2007,0.0478
patch_006159,1,13.3985,55.53,2002,0.6925
patch_006160,1,41.3227,56.45,2001,0.0716
patch_006161,1,39.0889,64.7,2001,0.0239
patch_006163,1,72.1254,90.43,2007,0.0269
patch_006164,1,69.1534,84.75,2006,0.5761
patch_006165,1,43.2878,62.52,2006,0.958
patch_006167,1,57.2253,68.22,2001,0.0393
patch_006168,1,86.1208,92.71,2005,0.0648
patch_006169,1,32.0574,88.7,2006,0.0478
patch_006170,1,62.4821,71.89,2002,0.0985
patch_006171,1,81.7305,98.18,2019,0.3821
patch_006172,1,80.5787,96.12,2002,0.0
patch_006173,1,37.4529,96.91,2006,0.0
patch_006174,1,45.0038,95.2,2003,0.0
patch_006175,1,58.9386,98.58,2020,0.0
patch_006176,1,92.2986,96.78,2019,0.0
patch_006177,1,90.7912,98.16,2019,0.0478
patch_006179,1,78.9791,85.49,2018,0.3373
patch_006180,1,32.6383,97.26,2012,0.0
patch_006181,1,7.0858,73.78,2017,0.0
patch_006182,1,38.896,73.12,2002,0.0955
patch_006183,1,88.0773,90.5,2002,0.3582
patch_006184,1,73.8839,98.78,2003,0.0
patch_006185,1,57.9663,74.33,2003,0.4238
patch_006186,1,85.1846,92.11,2003,0.0
patch_006187,1,91.4907,91.7,2010,0.2283
patch_006188,1,26.0448,96.12,2022,0.1467
patch_006189,1,48.5635,98.1,2022,0.2985
patch_006190,1,7.4965,99.43,2021,0.0
patch_006191,1,35.463,98.84,2001,0.0
patch_006192,1,67.1575,98.48,2006,0.0985
patch_006195,1,23.563,66.74,2003,0.2749
patch_006198,1,3.555,93.14,2024,0.0
patch_006199,0,0.0,99.3,0,0.0
patch_006200,1,0.6894,99.29,2022,0.0
patch_006201,0,0.0,99.11,0,0.0
patch_006202,1,1.1835,99.03,2024,0.0
patch_006203,1,18.7791,98.06,2024,0.0
patch_006204,1,13.6129,96.41,2025,0.0
patch_006205,1,10.0084,94.14,2025,0.0
patch_006206,1,7.5761,96.58,2025,0.0
patch_006207,1,5.8592,97.66,2025,0.0
patch_006208,0,0.0,99.01,0,0.0
patch_006209,1,1.0984,98.89,2001,0.0
patch_006210,1,15.4424,90.69,2008,0.0
patch_006211,1,12.0107,94.3,2001,0.0
patch_006212,1,20.8867,95.66,2003,0.0
patch_006213,1,10.5214,97.25,2010,0.0716
patch_006214,1,12.6176,98.69,2003,1.5521
patch_006215,1,0.3343,99.04,2021,0.0
patch_006216,0,0.0,98.84,0,0.0
patch_006217,1,1.5044,99.04,2019,0.0
patch_006218,1,3.5994,98.36,2022,0.0
patch_006219,1,4.9231,95.72,2003,0.0955
patch_006220,1,39.301,97.12,2003,0.188
patch_006221,1,5.6539,96.29,2002,0.0955
patch_006222,1,15.8242,79.58,2006,1.4567
patch_006223,1,22.7961,77.07,2017,1.3372
patch_006224,1,24.0634,93.54,2025,0.5731
patch_006225,1,0.4016,83.33,2010,0.0
patch_006226,1,18.0468,64.56,2019,0.3343
patch_006227,1,8.4231,57.13,2020,0.597
patch_006228,1,17.4869,79.29,2020,0.0239
patch_006229,1,10.4794,89.58,2010,0.0
patch_006230,1,11.9523,73.72,2009,1.3226
patch_006231,1,36.9836,71.46,2002,5.9825
patch_006232,1,40.3109,89.24,2003,4.759
patch_006233,1,17.1682,61.22,2002,0.6419
patch_006384,1,67.9913,79.92,2004,0.0
patch_006385,1,36.2362,66.42,2016,0.991
patch_006386,1,46.2818,87.35,2001,0.5433
patch_006387,1,6.889,90.74,2001,0.0478
patch_006388,1,80.1407,80.78,2004,0.0
patch_006390,1,41.4175,94.64,2002,0.1194
patch_006391,1,7.7749,53.37,2002,0.8955
patch_006393,1,54.1075,62.3,2017,0.5493
patch_006396,1,51.2677,70.98,2002,2.8042
patch_006397,1,38.5477,91.04,2002,0.0955
patch_006398,1,88.7067,98.45,2002,0.0
patch_006399,1,91.4573,98.19,2004,0.0955
patch_006400,1,85.745,97.24,2019,0.0
patch_006401,1,62.9309,99.11,2004,0.0
patch_006402,1,43.029,99.31,2006,0.0239
patch_006403,1,31.2844,99.34,2018,0.0239
patch_006404,1,99.7365,99.46,2019,0.0
patch_006405,1,96.5918,98.99,2019,0.0
patch_006406,1,68.9012,74.17,2001,0.5164
patch_006407,1,87.2674,90.19,2005,0.0925
patch_006408,1,67.4678,71.25,2006,0.2149
patch_006409,1,79.1241,93.8,2025,0.5194
patch_006410,1,18.9501,97.6,2024,0.0716
patch_006411,1,78.6199,86.22,2002,0.3343
patch_006412,1,74.5884,93.57,2003,0.0716
patch_006413,1,41.7328,58.51,2002,0.4358
patch_006414,1,88.6728,95.94,2003,0.0686
patch_006415,1,86.0294,95.03,2020,0.0478
patch_006416,1,25.5023,95.29,2001,0.0239
patch_006417,1,85.8057,94.35,2014,0.1314
patch_006418,1,69.1413,99.55,2013,0.0
patch_006419,1,65.7674,98.73,2006,0.251
patch_006420,1,47.3634,98.33,2001,0.0562
patch_006421,1,71.768,87.45,2005,0.3253
patch_006426,1,39.2935,63.2,2003,0.0
patch_006427,0,0.0,99.57,0,0.0
patch_006428,1,0.409,99.44,2022,0.0
patch_006429,0,0.0,99.25,0,0.0
patch_006430,0,0.0,98.55,0,0.0
patch_006431,1,1.636,97.85,2025,0.0
patch_006432,1,6.6857,98.72,2025,0.0
patch_006433,1,3.3471,98.56,2025,0.0
patch_006434,0,0.0,98.28,0,0.0
patch_006435,0,0.0,98.82,0,0.0
patch_006436,0,0.0,98.97,0,0.0
patch_006437,0,0.0,98.97,0,0.0
patch_006438,1,0.015,98.92,2008,0.0
patch_006439,1,1.7046,96.52,2016,0.0
patch_006440,1,0.229,93.78,2001,0.0478
patch_006441,1,18.1364,65.99,2025,0.7403
patch_006442,1,19.6433,93.12,2020,2.409
patch_006443,1,6.3339,98.69,2021,0.0
patch_006444,1,1.3819,98.66,2014,0.0
patch_006445,1,12.5369,98.03,2010,0.0
patch_006446,1,46.5421,86.16,2018,0.1373
patch_006447,1,11.2996,91.32,2019,0.1056
patch_006448,1,13.3382,69.63,2002,0.4328
patch_006451,1,35.0642,82.02,2004,0.3587
patch_006453,1,2.8831,86.46,2018,0.0239
patch_006454,1,6.8851,72.71,2019,0.0
patch_006455,1,23.3643,63.84,2002,0.2896
patch_006456,1,15.3338,89.77,2010,0.0
patch_006457,1,2.3907,85.93,2010,0.0239
patch_006458,1,3.7996,83.31,2010,0.1901
patch_006460,1,0.1857,73.3,2024,0.2388
patch_006612,1,61.1435,61.28,2017,0.2642
patch_006613,1,55.7545,83.14,2006,0.5749
patch_006614,1,33.7801,99.44,2006,0.1944
patch_006615,1,36.3296,77.57,2005,0.0955
patch_006616,1,39.6333,61.65,2001,0.0
patch_006618,1,6.0813,78.36,2025,0.2866
patch_006622,1,54.68,54.54,2001,0.6687
patch_006624,1,20.5854,68.37,2004,0.0
patch_006625,1,42.5615,78.55,2001,0.0
patch_006626,1,56.5568,96.46,2005,0.0865
patch_006627,1,70.7376,80.37,2019,0.0
patch_006628,1,75.362,94.75,2003,0.1194
patch_006629,1,63.6918,98.76,2002,0.0716
patch_006630,1,72.4723,99.42,2018,0.0
patch_006631,1,85.2392,99.14,2018,0.0478
patch_006632,1,99.6584,99.39,2019,0.0
patch_006633,1,96.2393,95.36,2019,0.0
patch_006634,1,88.5074,93.55,2006,0.5105
patch_006635,1,80.375,85.59,2006,0.8627
patch_006636,1,71.6451,77.22,2006,0.3186
patch_006637,1,58.5762,85.65,2025,0.9759
patch_006638,1,73.2981,93.62,2002,0.4205
patch_006639,1,60.8853,97.5,2002,0.0478
patch_006640,1,70.264,70.45,2002,0.4361
patch_006641,1,56.3293,96.46,2004,0.3844
patch_006642,1,94.652,98.96,2008,0.003
patch_006643,1,44.9396,98.83,2001,0.6687
patch_006644,1,72.0365,92.61,2002,0.0
patch_006645,1,45.8949,95.16,2006,0.0
patch_006646,1,31.5671,95.42,2014,0.0
patch_006647,1,25.1071,98.35,2001,0.0932
patch_006648,1,53.672,93.75,2001,0.1228
patch_006649,1,49.3592,67.24,2003,0.3881
patch_006650,1,74.2558,72.64,2001,0.0
patch_006651,1,57.5859,82.97,2009,0.1433
patch_006652,1,45.4409,60.72,2010,0.2866
patch_006653,1,47.1978,59.36,2005,0.197
patch_006654,1,38.1338,63.37,2002,0.0
patch_006655,0,0.0,99.46,0,0.0
patch_006657,1,0.0239,99.16,2005,0.0
patch_006658,1,0.2627,98.74,2025,0.0
patch_006659,1,0.0239,97.31,2012,0.0
patch_006660,1,0.0239,98.37,2013,0.0
patch_006661,0,0.0,98.06,0,0.0
patch_006662,0,0.0,97.38,0,0.0239
patch_006663,0,0.0,98.94,0,0.0
patch_006664,0,0.0,99.08,0,0.0
patch_006665,0,0.0,98.98,0,0.0
patch_006666,0,0.0,98.94,0,0.0
patch_006667,0,0.0,98.96,0,0.0
patch_006668,1,0.0402,98.58,2021,0.0
patch_006669,1,0.1155,96.98,2021,0.0
patch_006670,1,4.2792,97.1,2001,0.003
patch_006671,1,32.5113,98.34,2002,0.0955
patch_006672,1,28.1205,94.06,2020,0.191
patch_006675,1,38.3309,84.77,2002,0.8359
patch_006676,1,46.7964,84.07,2001,0.0478
patch_006677,1,48.795,92.35,2002,0.3373
patch_006678,1,13.1894,77.82,2024,0.3764
patch_006681,1,5.5452,59.01,2010,0.0478
patch_006682,1,26.6307,71.6,2018,1.0747
patch_006683,1,24.7382,53.94,2001,0.0962
patch_006840,1,57.0018,76.11,2002,0.2627
patch_006842,1,92.8622,98.94,2004,0.0
patch_006843,1,45.4871,99.26,2004,0.0
patch_006844,1,36.4162,68.12,2003,0.0209
patch_006845,1,0.7016,93.0,2014,0.0
patch_006846,1,4.7784,93.91,2013,0.5732
patch_006847,1,4.4969,82.36,2019,0.0955
patch_006848,1,69.8895,76.84,2001,0.0014
patch_006849,1,44.7208,73.03,2002,0.0478
patch_006850,1,33.4281,60.24,2002,0.0
patch_006852,1,8.3061,57.7,2005,0.0955
patch_006853,1,66.8005,85.05,2002,0.3182
patch_006854,1,75.456,94.37,2018,0.1486
patch_006855,1,79.1786,96.93,2002,0.0
patch_006856,1,62.7903,96.33,2006,0.3254
patch_006857,1,77.2665,99.05,2002,0.0
patch_006858,1,97.3042,99.58,2019,0.0239
patch_006859,1,98.8887,99.59,2018,0.0
patch_006860,1,99.4515,99.3,2019,0.0
patch_006861,1,72.7107,81.45,2018,0.0239
patch_006862,1,61.2606,67.8,2006,0.1911
patch_006863,1,73.032,85.09,2006,0.7165
patch_006864,1,66.2006,76.28,2006,1.2658
patch_006865,1,49.7567,66.24,2003,0.6744
patch_006866,1,57.8611,76.39,2009,0.8359
patch_006867,1,44.5409,87.77,2009,0.3762
patch_006868,1,44.0815,65.37,2006,0.1812
patch_006869,1,77.114,85.32,2004,0.1433
patch_006870,1,49.5216,64.37,2002,0.1705
patch_006871,1,39.8567,77.19,2006,0.3573
patch_006872,1,57.7918,98.81,2003,0.0067
patch_006873,1,60.9812,60.63,2005,0.0
patch_006874,1,25.5098,62.21,2001,0.2866
patch_006875,1,27.2496,98.55,2002,0.0
patch_006876,1,61.9687,98.84,2003,0.4844
patch_006877,1,42.1058,78.76,2006,0.9587
patch_006878,1,49.1383,64.77,2001,0.0478
patch_006879,1,67.6774,65.2,2001,0.0478
patch_006881,1,55.5309,98.08,2003,0.2627
patch_006882,1,45.0509,76.35,2002,2.7198
patch_006883,1,0.1433,99.32,2005,0.0
patch_006884,1,17.1976,91.97,2002,0.0
patch_006885,1,0.0442,99.11,2024,0.0
patch_006886,1,6.9805,98.65,2021,0.0
patch_006887,1,0.188,97.9,2021,0.0
patch_006888,0,0.0,98.01,0,0.0
patch_006890,0,0.0,98.46,0,0.0
patch_006891,0,0.0,98.96,0,0.0
patch_006892,0,0.0,99.09,0,0.0
patch_006893,0,0.0,98.96,0,0.0
patch_006894,0,0.0,98.87,0,0.0
patch_006895,0,0.0,98.9,0,0.0
patch_006896,0,0.0,99.01,0,0.0
patch_006897,1,0.0627,98.91,2020,0.0
patch_006899,1,0.1672,98.09,2017,0.0
patch_006900,1,34.9246,67.98,2005,2.4569
patch_006901,1,26.8041,62.01,2002,1.5046
patch_006903,1,9.3707,88.31,2002,0.0478
patch_006904,1,39.6845,65.38,2002,0.1194
patch_006905,1,22.3148,63.01,2002,0.0
patch_006906,1,2.2214,88.65,2023,0.0239
patch_006909,1,7.6677,83.43,2002,0.0
patch_006910,1,4.3238,76.85,2017,0.4299
patch_006911,1,32.9933,54.9,2003,0.2866
patch_006913,1,7.494,61.6,2002,0.0
patch_006914,1,1.3627,55.19,2003,0.0
patch_007068,1,31.9124,68.62,2002,0.0478
patch_007070,1,89.8853,98.87,2001,0.0
patch_007071,1,70.636,99.41,2005,0.0
patch_007072,1,73.0346,97.12,2020,0.0508
patch_007073,1,23.5995,90.26,2021,0.0
patch_007074,1,50.57,66.32,2001,0.0
patch_007075,1,26.2235,60.71,2001,0.2627
patch_007076,1,21.443,82.8,2011,0.0955
patch_007079,1,17.1084,59.51,2024,0.7882
patch_007080,1,5.1805,98.95,2024,0.4299
patch_007081,1,23.9604,69.69,2004,0.7781
patch_007083,1,69.6592,90.88,2001,0.0
patch_007084,1,84.4455,98.69,2018,0.009
patch_007085,1,97.1775,99.54,2019,0.0
patch_007086,1,99.4398,99.73,2019,0.0
patch_007087,1,97.5799,98.12,2019,0.0239
patch_007088,1,99.5288,98.97,2019,0.0209
patch_007089,1,96.9372,97.14,2018,1.1871
patch_007090,1,62.5091,65.13,2001,0.0629
patch_007091,1,63.6985,81.55,2005,0.0955
patch_007092,1,58.287,77.73,2006,0.4061
patch_007093,1,52.7037,70.11,2002,0.3821
patch_007094,1,50.072,72.63,2002,0.2866
patch_007095,1,46.5765,69.41,2020,0.1672
patch_007096,1,74.537,98.4,2009,0.0
patch_007097,1,40.1417,71.09,2009,0.0
patch_007098,1,15.6851,58.43,2012,1.6963
patch_007099,1,66.7456,64.34,2017,0.301
patch_007100,1,17.3839,98.66,2006,0.0
patch_007103,1,53.1683,59.43,2002,0.2866
patch_007104,1,69.944,98.21,2002,0.0717
patch_007105,1,54.3062,84.22,2022,0.0478
patch_007106,1,79.7832,97.08,2001,0.0
patch_007108,1,58.395,62.58,2003,0.215
patch_007109,1,57.33,98.85,2003,0.2866
patch_007110,1,40.7036,73.11,2003,0.0747
patch_007111,1,0.5703,86.6,2017,0.0239
patch_007112,1,27.0342,63.33,2002,0.1433
patch_007113,1,19.961,92.26,2002,2.1675
patch_007114,1,14.651,99.09,2018,0.0
patch_007115,1,3.7314,98.63,2021,0.0
patch_007116,1,0.7193,98.6,2021,0.0
patch_007117,0,0.0,99.1,0,0.0
patch_007118,0,0.0,99.07,0,0.0
patch_007119,0,0.0,99.1,0,0.0
patch_007120,1,0.0239,99.1,2012,0.0
patch_007121,0,0.0,98.61,0,0.0
patch_007122,0,0.0,98.23,0,0.0
patch_007123,0,0.0,98.95,0,0.0
patch_007124,0,0.0,98.38,0,0.0
patch_007125,1,1.2325,98.71,2020,0.0
patch_007127,1,14.1601,92.6,2006,0.4299
patch_007128,1,27.5819,65.23,2001,0.4329
patch_007129,1,46.3085,70.49,2001,0.3553
patch_007131,1,7.9063,75.09,2002,0.0239
patch_007132,1,17.6356,72.09,2016,0.5971
patch_007133,1,5.8439,90.17,2003,0.0717
patch_007134,1,5.4976,84.63,2001,0.0239
patch_007136,1,26.5493,55.21,2024,1.099
patch_007137,1,2.5598,84.32,2017,0.5956
patch_007139,1,39.1457,53.01,2001,0.3827
